구분,회사명,특약명,가입조건,판매채널,적용담보,할인율(%)
자녀할인,메리츠화재보험,자녀(만7세이하) 할인 특별약관,▶ ① 자녀(태아) 연령조건 : 태아 - 만7세② 운전자범위/연령한정 한정특약 조건 : 부부/기명 1인 한정운전 특별약관 가입,대면/TM/CM/PM,대인1/대인2/대물/자손/무보험/자차,7.0
자녀할인,한화손해보험,자녀할인 특별약관,"▶ ① 자녀(태아) 연령조건 : 태아② 운전자범위/연령한정 한정특약 조건 : 부부한정,1인한정③ 다자녀(2명이상)조건 : 대상","대면, TM","대인1, 대인2, 대물, 자손, 무보험차상해, 자차",24.4
자녀할인,한화손해보험,자녀할인 특별약관,"▶ ① 자녀(태아) 연령조건 : 태아② 운전자범위/연령한정 한정특약 조건 : 부부한정,1인한정③ 다자녀(2명이상)조건 : 미대상","대면, TM","대인1, 대인2, 대물, 자손, 무보험차상해, 자차",20.1
자녀할인,한화손해보험,자녀할인 특별약관,"▶ ① 자녀(태아) 연령조건 : 만0세② 운전자범위/연령한정 한정특약 조건 : 부부한정,1인한정③ 다자녀(2명이상)조건 : 대상","대면, TM","대인1, 대인2, 대물, 자손, 무보험차상해, 자차",20.6
자녀할인,한화손해보험,자녀할인 특별약관,"▶ ① 자녀(태아) 연령조건 : 만0세② 운전자범위/연령한정 한정특약 조건 : 부부한정,1인한정③ 다자녀(2명이상)조건 : 미대상","대면, TM","대인1, 대인2, 대물, 자손, 무보험차상해, 자차",16.1
자녀할인,한화손해보험,자녀할인 특별약관,"▶ ① 자녀(태아) 연령조건 : 만1세-만4세② 운전자범위/연령한정 한정특약 조건 : 부부한정,1인한정③ 다자녀(2명이상)조건 : 대상","대면, TM","대인1, 대인2, 대물, 자손, 무보험차상해, 자차",12.0
자녀할인,한화손해보험,자녀할인 특별약관,"▶ ① 자녀(태아) 연령조건 : 만1세-만4세② 운전자범위/연령한정 한정특약 조건 : 부부한정,1인한정③ 다자녀(2명이상)조건 : 미대상","대면, TM","대인1, 대인2, 대물, 자손, 무보험차상해, 자차",7.0
자녀할인,한화손해보험,자녀할인 특별약관,"▶ ① 자녀(태아) 연령조건 : 만5세-만10세② 운전자범위/연령한정 한정특약 조건 : 부부한정,1인한정","대면, TM","대인1, 대인2, 대물, 자손, 무보험차상해, 자차",8.0
자녀할인,한화손해보험,자녀할인 특별약관,"▶ ① 자녀(태아) 연령조건 : 태아-만1세② 운전자범위/연령한정 한정특약 조건 : 부부한정,1인한정 외 운전자한정특약","대면, TM","대인1, 대인2, 대물, 자손, 무보험차상해, 자차",4.0
자녀할인,롯데손해보험,자녀할인특별약관,▶ ① 자녀가 태아인 경우② 부부한정 또는 1인한정 가입,대면/TM/CM/PM,대인1/대인2/대물/자손/무보험/자차,10.0
자녀할인,롯데손해보험,자녀할인특별약관,▶ ① 자녀가 만 0-7세인 경우② 부부한정 또는 1인한정 가입,대면/TM/CM/PM,대인1/대인2/대물/자손/무보험/자차,5.0
자녀할인,MG손해보험,자녀(만9세 이하)할인 특별약관,▶ ① 자녀(태아) 연령 : 기명피보험자에게 만9세 이하(태아 포함) 자녀가 있는 경우② 운전가능범위 : 부부/기명1인 한정운전 특별약관에 가입한 경우,대면/TM/CM,대인1/대인2/대물/자손/무보험/자차,5.0
자녀할인,흥국화재해상보험,자녀할인 특별약관,▶ ① 태아 : 기명피보험자가 태아 임신을 증명할 수 있는 경우② 운전가능범위 : 부부/기명1인 한정운전 특별약관에 가입한 경우③ 다자녀 여부 : 미대상,대면/TM/CM/PM,대인1/대인2/대물/자손/무보험/자차,10.4
자녀할인,흥국화재해상보험,자녀할인 특별약관,▶ ① 자녀 연령 : 기명피보험자에게 만 0세 자녀가 있는 경우② 운전가능범위 : 부부/기명1인 한정운전 특별약관에 가입한 경우③ 다자녀 여부 : 미대상,대면/TM/CM/PM,대인1/대인2/대물/자손/무보험/자차,9.4
자녀할인,흥국화재해상보험,자녀할인 특별약관,▶ ① 자녀 연령 : 기명피보험자에게 만 1세 이상 5세 이하 자녀가 있는 경우② 운전가능범위 : 부부/기명1인 한정운전 특별약관에 가입한 경우③ 다자녀 여부 : 미대상,대면/TM/CM/PM,대인1/대인2/대물/자손/무보험/자차,7.8
자녀할인,흥국화재해상보험,자녀할인 특별약관,▶ ① 자녀 연령 : 기명피보험자에게 만 6세 이상 12세 이하 자녀가 있는 경우② 운전가능범위 : 부부/기명1인 한정운전 특별약관에 가입한 경우③ 다자녀 여부 : 미대상,대면/TM/CM/PM,대인1/대인2/대물/자손/무보험/자차,6.8
자녀할인,흥국화재해상보험,자녀할인 특별약관,▶ ① 태아 : 기명피보험자가 태아 임신을 증명할 수 있는 경우② 운전가능범위 : 부부/기명1인 한정운전 특별약관에 가입한 경우③ 다자녀 여부 : 대상,대면/TM/CM/PM,대인1/대인2/대물/자손/무보험/자차,14.0
자녀할인,흥국화재해상보험,자녀할인 특별약관,▶ ① 자녀 연령 : 기명피보험자에게 만 0세 자녀가 있는 경우② 운전가능범위 : 부부/기명1인 한정운전 특별약관에 가입한 경우③ 다자녀 여부 : 대상,대면/TM/CM/PM,대인1/대인2/대물/자손/무보험/자차,13.0
자녀할인,흥국화재해상보험,자녀할인 특별약관,▶ ① 자녀 연령 : 기명피보험자에게 만 1세 이상 5세 이하 자녀가 있는 경우② 운전가능범위 : 부부/기명1인 한정운전 특별약관에 가입한 경우③ 다자녀 여부 : 대상,대면/TM/CM/PM,대인1/대인2/대물/자손/무보험/자차,11.5
자녀할인,흥국화재해상보험,자녀할인 특별약관,▶ ① 자녀 연령 : 기명피보험자에게 만 6세 이상 12세 이하 자녀가 있는 경우② 운전가능범위 : 부부/기명1인 한정운전 특별약관에 가입한 경우③ 다자녀 여부 : 대상,대면/TM/CM/PM,대인1/대인2/대물/자손/무보험/자차,10.5
자녀할인,삼성화재해상보험,자녀사랑 할인 특별약관,"▶ ① 자녀(태아) 연령조건 : 태아② 운전자범위/연령한정 한정특약 조건 : 1인한정 또는 부부한정 가입하고,운전자연령 만49세/55세/60세/65세 이하 한정운전특약을 가입한 경우③ 기명피보험자 연령 만34세 이하","대면, TM, CM, 플랫폼","대인1, 대인2, 대물, 자손, 무보험, 자차",17.3
자녀할인,삼성화재해상보험,자녀사랑 할인 특별약관,"▶ ① 자녀(태아) 연령조건 : 태아② 운전자범위/연령한정 한정특약 조건 : 1인한정 또는 부부한정 가입하고,운전자연령 만49세/55세/60세/65세 이하 한정운전특약을 가입한 경우③ 기명피보험자 연령 만35세 이상","대면, TM, CM, 플랫폼","대인1, 대인2, 대물, 자손, 무보험, 자차",15.8
자녀할인,삼성화재해상보험,자녀사랑 할인 특별약관,"▶ ① 자녀(태아) 연령조건 : 만 0세② 운전자범위/연령한정 한정특약 조건 : 1인한정 또는 부부한정 가입하고,운전자연령 만49세/55세/60세/65세 이하 한정운전특약을 가입한 경우③ 기명피보험자 연령 만34세 이하","대면, TM, CM, 플랫폼","대인1, 대인2, 대물, 자손, 무보험, 자차",4.6
자녀할인,삼성화재해상보험,자녀사랑 할인 특별약관,"▶ ① 자녀(태아) 연령조건 : 만 0세② 운전자범위/연령한정 한정특약 조건 : 1인한정 또는 부부한정 가입하고,운전자연령 만49세/55세/60세/65세 이하 한정운전특약을 가입한 경우③ 기명피보험자 연령 만35세 이상","대면, TM, CM, 플랫폼","대인1, 대인2, 대물, 자손, 무보험, 자차",2.8
자녀할인,삼성화재해상보험,자녀사랑 할인 특별약관,"▶ ① 자녀(태아) 연령조건 : 만  1세 - 5세② 운전자범위/연령한정 한정특약 조건 : 1인한정 또는 부부한정 가입하고,운전자연령 만49세/55세/60세/65세 이하 한정운전특약을 가입한 경우③ 기명피보험자 연령 만34세 이하","대면, TM, CM, 플랫폼","대인1, 대인2, 대물, 자손, 무보험, 자차",3.6
자녀할인,삼성화재해상보험,자녀사랑 할인 특별약관,"▶ ① 자녀(태아) 연령조건 : 만  1세 - 5세② 운전자범위/연령한정 한정특약 조건 : 1인한정 또는 부부한정 가입하고,운전자연령 만49세/55세/60세/65세 이하 한정운전특약을 가입한 경우③ 기명피보험자 연령 만35세 이상","대면, TM, CM, 플랫폼","대인1, 대인2, 대물, 자손, 무보험, 자차",1.8
자녀할인,삼성화재해상보험,자녀사랑 할인 특별약관,"▶ ① 자녀(태아) 연령조건 : 만  6세-18세② 운전자범위/연령한정 한정특약 조건 : 1인한정 또는 부부한정 가입하고,운전자연령 만49세/55세/60세/65세 이하 한정운전특약을 가입한 경우③ 기명피보험자 연령 만34세 이하","대면, TM, CM, 플랫폼","대인1, 대인2, 대물, 자손, 무보험, 자차",3.6
자녀할인,삼성화재해상보험,자녀사랑 할인 특별약관,"▶ ① 자녀(태아) 연령조건 : 만  6세-18세② 운전자범위/연령한정 한정특약 조건 : 1인한정 또는 부부한정 가입하고,운전자연령 만49세/55세/60세/65세 이하 한정운전특약을 가입한 경우③ 기명피보험자 연령 만35세 이상","대면, TM, CM, 플랫폼","대인1, 대인2, 대물, 자손, 무보험, 자차",1.8
자녀할인,삼성화재해상보험,자녀사랑 할인 특별약관,"▶ ① 자녀(태아) 연령조건 : 태아② 운전자범위/연령한정 한정특약 조건 : 1인한정 또는 부부한정 가입하고,운전자연령 만49세/55세/60세/65세 이하 한정운전특약을 미가입한 경우③ 기명피보험자 연령 만34세 이하","대면, TM, CM, 플랫폼","대인1, 대인2, 대물, 자손, 무보험, 자차",21.3
자녀할인,삼성화재해상보험,자녀사랑 할인 특별약관,"▶ ① 자녀(태아) 연령조건 : 태아② 운전자범위/연령한정 한정특약 조건 : 1인한정 또는 부부한정 가입하고,운전자연령 만49세/55세/60세/65세 이하 한정운전특약을 미가입한 경우③ 기명피보험자 연령 만35세 이상","대면, TM, CM, 플랫폼","대인1, 대인2, 대물, 자손, 무보험, 자차",19.8
자녀할인,삼성화재해상보험,자녀사랑 할인 특별약관,"▶ ① 자녀(태아) 연령조건 : 만 0세② 운전자범위/연령한정 한정특약 조건 : 1인한정 또는 부부한정 가입하고,운전자연령 만49세/55세/60세/65세 이하 한정운전특약을 미가입한 경우③ 기명피보험자 연령 만34세 이하","대면, TM, CM, 플랫폼","대인1, 대인2, 대물, 자손, 무보험, 자차",14.4
자녀할인,삼성화재해상보험,자녀사랑 할인 특별약관,"▶ ① 자녀(태아) 연령조건 : 만 0세② 운전자범위/연령한정 한정특약 조건 : 1인한정 또는 부부한정 가입하고,운전자연령 만49세/55세/60세/65세 이하 한정운전특약을 미가입한 경우③ 기명피보험자 연령 만35세 이상","대면, TM, CM, 플랫폼","대인1, 대인2, 대물, 자손, 무보험, 자차",12.8
자녀할인,삼성화재해상보험,자녀사랑 할인 특별약관,"▶ ① 자녀(태아) 연령조건 : 만  1세 - 5세② 운전자범위/연령한정 한정특약 조건 : 1인한정 또는 부부한정 가입하고,운전자연령 만49세/55세/60세/65세 이하 한정운전특약을 미가입한 경우③ 기명피보험자 연령 만34세 이하","대면, TM, CM, 플랫폼","대인1, 대인2, 대물, 자손, 무보험, 자차",7.5
자녀할인,삼성화재해상보험,자녀사랑 할인 특별약관,"▶ ① 자녀(태아) 연령조건 : 만  1세 - 5세② 운전자범위/연령한정 한정특약 조건 : 1인한정 또는 부부한정 가입하고,운전자연령 만49세/55세/60세/65세 이하 한정운전특약을 미가입한 경우③ 기명피보험자 연령 만35세 이상","대면, TM, CM, 플랫폼","대인1, 대인2, 대물, 자손, 무보험, 자차",5.8
자녀할인,삼성화재해상보험,자녀사랑 할인 특별약관,"▶ ① 자녀(태아) 연령조건 : 만 6세-18세② 운전자범위/연령한정 한정특약 조건 : 1인한정 또는 부부한정 가입하고,운전자연령 만49세/55세/60세/65세 이하 한정운전특약을 미가입한 경우③ 기명피보험자 연령 만34세 이하","대면, TM, CM, 플랫폼","대인1, 대인2, 대물, 자손, 무보험, 자차",3.6
자녀할인,삼성화재해상보험,자녀사랑 할인 특별약관,"▶ ① 자녀(태아) 연령조건 : 만 6세-18세② 운전자범위/연령한정 한정특약 조건 : 1인한정 또는 부부한정 가입하고,운전자연령 만49세/55세/60세/65세 이하 한정운전특약을 미가입한 경우③ 기명피보험자 연령 만35세 이상","대면, TM, CM, 플랫폼","대인1, 대인2, 대물, 자손, 무보험, 자차",1.8
자녀할인,삼성화재해상보험,자녀사랑 할인 특별약관,▶ ① 자녀(태아) 연령조건 : 태아② 운전자범위 한정특약 조건 : 1인한정/부부한정 외 운전자한정특약③ 기명피보험자 연령 만34세 이하,"대면, TM, CM, 플랫폼","대인1, 대인2, 대물, 자손, 무보험, 자차",9.5
자녀할인,삼성화재해상보험,자녀사랑 할인 특별약관,▶ ① 자녀(태아) 연령조건 : 태아② 운전자범위 한정특약 조건 : 1인한정/부부한정 외 운전자한정특약③ 기명피보험자 연령 만35세 이상,"대면, TM, CM, 플랫폼","대인1, 대인2, 대물, 자손, 무보험, 자차",7.8
자녀할인,삼성화재해상보험,자녀사랑 할인 특별약관,▶ ① 자녀(태아) 연령조건 : 만 0세② 운전자범위 한정특약 조건 : 1인한정/부부한정 외 운전자한정특약③ 기명피보험자 연령 만34세 이하,"대면, TM, CM, 플랫폼","대인1, 대인2, 대물, 자손, 무보험, 자차",6.5
자녀할인,삼성화재해상보험,자녀사랑 할인 특별약관,▶ ① 자녀(태아) 연령조건 : 만 0세② 운전자범위 한정특약 조건 : 1인한정/부부한정 외 운전자한정특약③ 기명피보험자 연령 만35세 이상,"대면, TM, CM, 플랫폼","대인1, 대인2, 대물, 자손, 무보험, 자차",4.8
자녀할인,삼성화재해상보험,자녀사랑 할인 특별약관,▶ ① 자녀(태아) 연령조건 : 만  1세 - 5세② 운전자범위 한정특약 조건 : 1인한정/부부한정 외 운전자한정특약③ 기명피보험자 연령 만34세 이하,"대면, TM, CM, 플랫폼","대인1, 대인2, 대물, 자손, 무보험, 자차",3.6
자녀할인,삼성화재해상보험,자녀사랑 할인 특별약관,▶ ① 자녀(태아) 연령조건 : 만  1세 - 5세② 운전자범위 한정특약 조건 : 1인한정/부부한정 외 운전자한정특약③ 기명피보험자 연령 만35세 이상,"대면, TM, CM, 플랫폼","대인1, 대인2, 대물, 자손, 무보험, 자차",1.8
자녀할인,삼성화재해상보험,자녀사랑 할인 특별약관,▶ ① 자녀(태아) 연령조건 : 만  6세-18세② 운전자범위 한정특약 조건 : 1인한정/부부한정 외 운전자한정특약③ 기명피보험자 연령 만34세 이하,"대면, TM, CM, 플랫폼","대인1, 대인2, 대물, 자손, 무보험, 자차",2.6
자녀할인,삼성화재해상보험,자녀사랑 할인 특별약관,▶ ① 자녀(태아) 연령조건 : 만  6세-18세② 운전자범위 한정특약 조건 : 1인한정/부부한정 외 운전자한정특약③ 기명피보험자 연령 만35세 이상,"대면, TM, CM, 플랫폼","대인1, 대인2, 대물, 자손, 무보험, 자차",0.8
자녀할인,현대해상화재보험,효도하는 자녀(만12세이하) 할인 특별약관,▶ ① 자녀(태아) 연령 : 기명피보험자 또는 그 배우자가 태아를 임신한 경우② 운전가능범위 : 부부/기명1인 한정운전 특별약관에 가입한 경우,대면/TM/CM/플랫폼,대인1/대인2/대물/자손/무보험/자차,14.0
자녀할인,현대해상화재보험,효도하는 자녀(만12세이하) 할인 특별약관,▶ ① 자녀(태아) 연령 : 기명피보험자 또는 그 배우자가 태아를 임신한 경우② 운전가능범위 : 가족한정 또는 누구나인 경우,대면/TM/CM/플랫폼,대인1/대인2/대물/자손/무보험/자차,10.0
자녀할인,현대해상화재보험,효도하는 자녀(만12세이하) 할인 특별약관,▶ ① 자녀(태아) 연령 : 기명피보험자에게 만 0세 이하 자녀가 있는 경우② 운전가능범위 : 부부/기명1인 한정운전 특별약관에 가입한 경우,대면/TM/CM/플랫폼,대인1/대인2/대물/자손/무보험/자차,14.0
자녀할인,현대해상화재보험,효도하는 자녀(만12세이하) 할인 특별약관,▶ ① 자녀(태아) 연령 : 기명피보험자에게 만 0세 이하 자녀가 있는 경우② 운전가능범위 : 가족한정 또는 누구나인 경우,대면/TM/CM/플랫폼,대인1/대인2/대물/자손/무보험/자차,6.0
자녀할인,현대해상화재보험,효도하는 자녀(만12세이하) 할인 특별약관,▶ ① 자녀(태아) 연령 : 기명피보험자에게 만 6세 이하 자녀가 있는 경우② 운전가능범위 : 부부/기명1인 한정운전 특별약관에 가입한 경우,대면/TM/CM/플랫폼,대인1/대인2/대물/자손/무보험/자차,10.0
자녀할인,현대해상화재보험,효도하는 자녀(만12세이하) 할인 특별약관,▶ ① 자녀(태아) 연령 : 기명피보험자에게 만 6세 이하 자녀가 있는 경우② 운전가능범위 : 가족한정 또는 누구나인 경우,대면/TM/CM/플랫폼,대인1/대인2/대물/자손/무보험/자차,2.0
자녀할인,현대해상화재보험,효도하는 자녀(만12세이하) 할인 특별약관,▶ ① 자녀(태아) 연령 : 기명피보험자에게 만 9세 이하 자녀가 있는 경우② 운전가능범위 : 부부/기명1인 한정운전 특별약관에 가입한 경우,대면/TM/CM/플랫폼,대인1/대인2/대물/자손/무보험/자차,6.0
자녀할인,현대해상화재보험,효도하는 자녀(만12세이하) 할인 특별약관,▶ ① 자녀(태아) 연령 : 기명피보험자에게 만 9세 이하 자녀가 있는 경우② 운전가능범위 : 가족한정 또는 누구나인 경우,대면/TM/CM/플랫폼,대인1/대인2/대물/자손/무보험/자차,2.0
자녀할인,현대해상화재보험,효도하는 자녀(만12세이하) 할인 특별약관,▶ ① 자녀(태아) 연령 : 기명피보험자에게 만 12세 이하 자녀가 있는 경우② 운전가능범위 : 부부/기명1인 한정운전 특별약관에 가입한 경우,대면/TM/CM/플랫폼,대인1/대인2/대물/자손/무보험/자차,2.0
자녀할인,현대해상화재보험,효도하는 자녀(만12세이하) 할인 특별약관,▶ ① 자녀(태아) 연령 : 기명피보험자에게 만 12세 이하 자녀가 있는 경우② 운전가능범위 : 가족한정 또는 누구나인 경우,대면/TM/CM/플랫폼,대인1/대인2/대물/자손/무보험/자차,1.0
자녀할인,KB손해보험,자녀할인 특별약관,▶ ① 만 0세 자녀가 있거나 출산예정인 경우② 기명1인한정운전특약 또는 부부한정운전특약 가입시③ 자녀 수 2명 이상인 경우,대면/TM/CM/PM,대인1/대인2/대물/자손/무보험/자차,15.29
자녀할인,KB손해보험,자녀할인 특별약관,▶ ① 만 0세 자녀가 있거나 출산예정인 경우② 기명1인한정운전특약 또는 부부한정운전특약 가입시③ 자녀 수 1명인 경우,대면/TM/CM/PM,대인1/대인2/대물/자손/무보험/자차,13.74
자녀할인,KB손해보험,자녀할인 특별약관,▶ ① 만1세이상 만 6세 이하 자녀가 있는 경우② 기명1인한정운전특약 또는 부부한정운전특약 가입시③ 자녀 수 2명 이상인 경우,대면/TM/CM/PM,대인1/대인2/대물/자손/무보험/자차,9.38
자녀할인,KB손해보험,자녀할인 특별약관,▶ ① 만 1세 이상 만 6세이하 자녀가 있는 경우② 기명1인한정운전특약 또는 부부한정운전특약 가입시③ 자녀 수 1명인 경우,대면/TM/CM/PM,대인1/대인2/대물/자손/무보험/자차,7.72
자녀할인,KB손해보험,자녀할인 특별약관,▶ ① 만 0세 자녀가 있거나 출산예정인 경우② 기명1인한정운전특약과 부부한정운전특약 이외 특약 가입 시③ 자녀 수 2명 이상인 경우,대면/TM/CM/PM,대인1/대인2/대물/자손/무보험/자차,7.41
자녀할인,KB손해보험,자녀할인 특별약관,▶ ① 만 0세 자녀가 있거나 출산예정인 경우② 기명1인한정운전특약과 부부한정운전특약 이외 특약 가입 시③ 자녀 수 1명인 경우,대면/TM/CM/PM,대인1/대인2/대물/자손/무보험/자차,5.72
자녀할인,KB손해보험,자녀할인 특별약관,▶ ① 만7세이상 만 9세 이하 자녀가 있는 경우② 기명1인한정운전특약 또는 부부한정운전특약 특약 가입 시③ 자녀 수 2명 이상인 경우,대면/TM/CM/PM,대인1/대인2/대물/자손/무보험/자차,5.44
자녀할인,KB손해보험,자녀할인 특별약관,▶ ① 만7세이상 만 9세 이하 자녀가 있는 경우② 기명1인한정운전특약 또는 부부한정운전특약 특약 가입 시③ 자녀 수 1명인 경우,,,3.71
자녀할인,KB손해보험,자녀할인 특별약관,▶ ① 만10세이상 만 13세 이하 자녀가 있는 경우② 기명1인한정운전특약 또는 부부한정운전특약 가입 시③ 자녀 수 2명 이상인 경우,,,3.47
자녀할인,KB손해보험,자녀할인 특별약관,▶ ① 만1세이상 만 13세 이하 자녀가 있는 경우② 기명1인한정운전특약과 부부한정운전특약 이외 특약 가입 시③ 자녀 수 2명 이상인 경우,,,3.47
자녀할인,KB손해보험,자녀할인 특별약관,▶ ① 만10세이상 만 13세 이하 자녀가 있는 경우② 기명1인한정운전특약 또는 부부한정운전특약 가입 시③ 자녀 수 1명인 경우,,,1.71
자녀할인,KB손해보험,자녀할인 특별약관,▶ ① 만10세이상 만 13세 이하 자녀가 있는 경우② 기명1인한정운전특약과 부부한정운전특약  이외 특약 가입 시③ 자녀 수 1명인 경우,,,1.71
자녀할인,DB손해보험,Baby In Car(만11세 이하 자녀할인) 특별약관,▶ ① 자녀(태아) 연령 : 피보험자에게 태아가 있는 경우② 운전자범위 : 부부/기명1인 한정운전 특별약관에 가입한 경우③ 피보험자 연령 : 만39세 이하,대면/TM/CM/플랫폼,"대인1/대인2/대물/
자손/무보험/자차",17.1
자녀할인,DB손해보험,Baby In Car(만11세 이하 자녀할인) 특별약관,▶ ① 자녀 연령 : 피보험자에게 만0세 자녀(출생 후 첫 생일이 도래하지 않은 자녀)가 있는 경우② 운전자범위 : 부부/기명1인 한정운전 특별약관에 가입한 경우③ 피보험자 연령 : 만39세 이하,대면/TM/CM/플랫폼,"대인1/대인2/대물/
자손/무보험/자차",10.1
자녀할인,DB손해보험,Baby In Car(만11세 이하 자녀할인) 특별약관,▶ ① 자녀 연령 : 피보험자에게 만1-5세 자녀가 있는 경우② 운전자범위 : 부부/기명1인 한정운전 특별약관에 가입한 경우③ 피보험자 연령 : 만39세 이하,대면/TM/CM/플랫폼,"대인1/대인2/대물/
자손/무보험/자차",6.1
자녀할인,DB손해보험,Baby In Car(만11세 이하 자녀할인) 특별약관,▶ ① 자녀 연령 : 피보험자에게 만6세 자녀가 있는 경우② 운전자범위 : 부부/기명1인 한정운전 특별약관에 가입한 경우③ 피보험자 연령 : 만39세 이하,대면/TM/CM/플랫폼,"대인1/대인2/대물/
자손/무보험/자차",5.1
자녀할인,DB손해보험,Baby In Car(만11세 이하 자녀할인) 특별약관,▶ ① 자녀(태아) 연령 : 피보험자에게 만7-11세 자녀가 있는 경우② 운전자범위 : 부부/기명1인 한정운전 특별약관에 가입한 경우③ 피보험자 연령 : 만39세 이하,대면/TM/CM/플랫폼,"대인1/대인2/대물/
자손/무보험/자차",3.1
자녀할인,DB손해보험,Baby In Car(만11세 이하 자녀할인) 특별약관,▶ ① 자녀(태아) 연령 : 피보험자에게 태아가 있는 경우② 운전자범위 : 부부/기명1인 한정운전 특별약관에 가입한 경우③ 피보험자 연령 : 만40세 이상,대면/TM/CM/플랫폼,"대인1/대인2/대물/
자손/무보험/자차",16.1
자녀할인,DB손해보험,Baby In Car(만11세 이하 자녀할인) 특별약관,▶ ① 자녀 연령 : 피보험자에게 만0세 자녀(출생 후 첫 생일이 도래하지 않은 자녀)가 있는 경우② 운전자범위 : 부부/기명1인 한정운전 특별약관에 가입한 경우③ 피보험자 연령 : 만40세 이상,대면/TM/CM/플랫폼,"대인1/대인2/대물/
자손/무보험/자차",9.0
자녀할인,DB손해보험,Baby In Car(만11세 이하 자녀할인) 특별약관,▶ ① 자녀 연령 : 피보험자에게 만1-5세 자녀가 있는 경우② 운전자범위 : 부부/기명1인 한정운전 특별약관에 가입한 경우③ 피보험자 연령 : 만40세 이상,대면/TM/CM/플랫폼,"대인1/대인2/대물/
자손/무보험/자차",4.9
자녀할인,DB손해보험,Baby In Car(만11세 이하 자녀할인) 특별약관,▶ ① 자녀 연령 : 피보험자에게 만6세 자녀가 있는 경우② 운전자범위 : 부부/기명1인 한정운전 특별약관에 가입한 경우③ 피보험자 연령 : 만40세 이상,대면/TM/CM/플랫폼,"대인1/대인2/대물/
자손/무보험/자차",3.9
자녀할인,DB손해보험,Baby In Car(만11세 이하 자녀할인) 특별약관,▶ ① 자녀(태아) 연령 : 피보험자에게 만7-11세 자녀가 있는 경우② 운전자범위 : 부부/기명1인 한정운전 특별약관에 가입한 경우③ 피보험자 연령 : 만40세 이상,대면/TM/CM/플랫폼,"대인1/대인2/대물/
자손/무보험/자차",1.9
자녀할인,DB손해보험,Baby In Car(만11세 이하 자녀할인) 특별약관,"▶ ① 자녀(태아) 연령 : 피보험자에게 태아가 있는 경우② 운전자범위 : 부부/기명1인 한정운전 외 운전자한정 특별약관에 가입한 경우 (※ 단, 지정1인 제외)③ 피보험자 연령 : 만39세 이하",대면/TM/CM/플랫폼,"대인1/대인2/대물/
자손/무보험/자차",7.2
자녀할인,DB손해보험,Baby In Car(만11세 이하 자녀할인) 특별약관,"▶ ① 자녀 연령 : 피보험자에게 만0세 자녀(출생 후 첫 생일이 도래하지 않은 자녀)가 있는 경우② 운전자범위 : 부부/기명1인 한정운전 외 운전자한정 특별약관에 가입한 경우 (※ 단, 지정1인 제외)③ 피보험자 연령 : 만39세 이하",대면/TM/CM/플랫폼,"대인1/대인2/대물/
자손/무보험/자차",4.1
자녀할인,DB손해보험,Baby In Car(만11세 이하 자녀할인) 특별약관,"▶ ① 자녀 연령 : 피보험자에게 만1-5세 자녀가 있는 경우② 운전자범위 : 부부/기명1인 한정운전 외 운전자한정 특별약관에 가입한 경우 (※ 단, 지정1인 제외)③ 피보험자 연령 : 만39세 이하",대면/TM/CM/플랫폼,"대인1/대인2/대물/
자손/무보험/자차",2.1
자녀할인,DB손해보험,Baby In Car(만11세 이하 자녀할인) 특별약관,"▶ ① 자녀 연령 : 피보험자에게 만6세 자녀가 있는 경우② 운전자범위 : 부부/기명1인 한정운전 외 운전자한정 특별약관에 가입한 경우 (※ 단, 지정1인 제외)③ 피보험자 연령 : 만39세 이하",대면/TM/CM/플랫폼,"대인1/대인2/대물/
자손/무보험/자차",2.1
자녀할인,DB손해보험,Baby In Car(만11세 이하 자녀할인) 특별약관,"▶ ① 자녀(태아) 연령 : 피보험자에게 만7-11세 자녀가 있는 경우② 운전자범위 : 부부/기명1인 한정운전 외 운전자한정 특별약관에 가입한 경우 (※ 단, 지정1인 제외)③ 피보험자 연령 : 만39세 이하",대면/TM/CM/플랫폼,"대인1/대인2/대물/
자손/무보험/자차",2.1
자녀할인,DB손해보험,Baby In Car(만11세 이하 자녀할인) 특별약관,"▶ ① 자녀(태아) 연령 : 피보험자에게 태아가 있는 경우② 운전자범위 : 부부/기명1인 한정운전 외 운전자한정 특별약관에 가입한 경우 (※ 단, 지정1인 제외)③ 피보험자 연령 : 만40세 이상",대면/TM/CM/플랫폼,"대인1/대인2/대물/
자손/무보험/자차",6.0
자녀할인,DB손해보험,Baby In Car(만11세 이하 자녀할인) 특별약관,"▶ ① 자녀 연령 : 피보험자에게 만0세 자녀(출생 후 첫 생일이 도래하지 않은 자녀)가 있는 경우② 운전자범위 : 부부/기명1인 한정운전 외 운전자한정 특별약관에 가입한 경우 (※ 단, 지정1인 제외)③ 피보험자 연령 : 만40세 이상",대면/TM/CM/플랫폼,"대인1/대인2/대물/
자손/무보험/자차",2.9
자녀할인,DB손해보험,Baby In Car(만11세 이하 자녀할인) 특별약관,"▶ ① 자녀 연령 : 피보험자에게 만1-5세 자녀가 있는 경우② 운전자범위 : 부부/기명1인 한정운전 외 운전자한정 특별약관에 가입한 경우 (※ 단, 지정1인 제외)③ 피보험자 연령 : 만40세 이상",대면/TM/CM/플랫폼,"대인1/대인2/대물/
자손/무보험/자차",0.9
자녀할인,DB손해보험,Baby In Car(만11세 이하 자녀할인) 특별약관,"▶ ① 자녀 연령 : 피보험자에게 만6세 자녀가 있는 경우② 운전자범위 : 부부/기명1인 한정운전 외 운전자한정 특별약관에 가입한 경우 (※ 단, 지정1인 제외)③ 피보험자 연령 : 만40세 이상",대면/TM/CM/플랫폼,"대인1/대인2/대물/
자손/무보험/자차",0.9
자녀할인,DB손해보험,Baby In Car(만11세 이하 자녀할인) 특별약관,"▶ ① 자녀(태아) 연령 : 피보험자에게 만7-11세 자녀가 있는 경우② 운전자범위 : 부부/기명1인 한정운전 외 운전자한정 특별약관에 가입한 경우 (※ 단, 지정1인 제외)③ 피보험자 연령 : 만40세 이상",대면/TM/CM/플랫폼,"대인1/대인2/대물/
자손/무보험/자차",0.9
자녀할인,AXA손해보험,자녀 할인 특별약관,▶ ① 기명피보험자의 최연령 자녀가 만 13세 이상 만15세 이하인 경우② 부부 또는 기명1인 한정운전 특약에 가입한 경우,"TM, CM","대인1, 대인2, 대물, 자손, 무보험차상해, 자차",0.6
자녀할인,AXA손해보험,자녀 할인 특별약관,▶ ① 기명피보험자의 최연령 자녀가 만 8세 이상 만12세 이하인 경우② 부부 또는 기명1인 한정운전 특약에 가입한 경우,"TM, CM","대인1, 대인2, 대물, 자손, 무보험차상해, 자차",0.9
자녀할인,AXA손해보험,자녀 할인 특별약관,▶ ① 기명피보험자의 최연령 자녀가 만 7세 이하인 경우② 부부 또는 기명1인 한정운전 특약에 가입한 경우,"TM, CM","대인1, 대인2, 대물, 자손, 무보험차상해, 자차",2.4
자녀할인,하나손해보험,자녀할인 특별약관,▶ ① 자녀연령 : 기명피보험자가 출산예정인 자녀가 있는 경우② 운전가능범위 : 부부한정 또는 1인한정 특별약관 가입,대면/TM/CM/PM,"대인1, 대인2, 대물, 자손, 무보험차상해, 자차",15.0
자녀할인,하나손해보험,자녀할인 특별약관,▶ ① 자녀연령 : 기명피보험자가 만13세이하 자녀가 있는 경우② 운전가능범위 : 부부한정 또는 1인한정 특별약관 가입,대면/TM/CM/PM,"대인1, 대인2, 대물, 자손, 무보험차상해, 자차",3.0
자녀할인,캐롯손해보험,자녀할인 특별약관,▶ ① 기명피보험자의 자녀(태아)연령조건 : 태아② 운전가능범위: 부부/기명1인 한정운전 특별약관에 가입한 경우,CM/PM,대인1/대인2/대물/자손/무보험/자차,19.0
자녀할인,캐롯손해보험,자녀할인 특별약관,▶ ① 기명피보험자의 자녀(태아)연령조건 : 만0세 - 만10세② 운전가능범위: 부부/기명1인 한정운전 특별약관에 가입한 경우,CM/PM,대인1/대인2/대물/자손/무보험/자차,6.0
블랙박스장착할인,메리츠화재보험,블랙박스 장치 할인 특별약관,▶ ① 차량용 영상기록장치(블랙박스 장치) 장착② 차령 조건 : 신차③ 차종 조건 : 전 차종,대면/TM/CM/PM,대인1/대인2/대물/자손/무보험/자차,8.0
블랙박스장착할인,메리츠화재보험,블랙박스 장치 할인 특별약관,▶ ① 차량용 영상기록장치(블랙박스 장치) 장착② 차령 조건 : 1년 이상③ 차종 조건 : 전 차종,대면/TM/CM/PM,대인1/대인2/대물/자손/무보험/자차,5.0
블랙박스장착할인,한화손해보험,차량용 영상기록장치(블랙박스) 특별약관,▶ ① 차량용 영상기록장치(블랙박스)를 장착한 차량② 차령 조건 : 신차③ 차종 조건 : 전 차종,"대면, TM","대인1, 대인2, 대물, 자손, 무보험차상해, 자차",6.0
블랙박스장착할인,한화손해보험,차량용 영상기록장치(블랙박스) 특별약관,▶ ① 차량용 영상기록장치(블랙박스)를 장착한 차량② 차령 조건 : 1년-8년③ 차종 조건 : 전 차종,"대면, TM","대인1, 대인2, 대물, 자손, 무보험차상해, 자차",5.0
블랙박스장착할인,한화손해보험,차량용 영상기록장치(블랙박스) 특별약관,▶ ① 차량용 영상기록장치(블랙박스)를 장착한 차량② 차령 조건 : 9년이상③ 차종 조건 : 전 차종,"대면, TM","대인1, 대인2, 대물, 자손, 무보험차상해, 자차",4.0
블랙박스장착할인,롯데손해보험,차량용 블랙박스 특별약관,▶ ① 차량용 블랙박스를 장착한 차량② 차령 조건 : 전 차령③ 차종 조건 : 승용자동차,대면/TM/CM/PM,자차,3.0
블랙박스장착할인,롯데손해보험,차량용 블랙박스 특별약관,▶ ① 차량용 블랙박스를 장착한 차량② 차령 조건 : 전 차령③ 차종 조건 : 승용자동차,대면/TM/CM/PM,대인1/대인2/대물/자손/무보험,2.0
블랙박스장착할인,MG손해보험,차량용 영상기록장치(블랙박스) 장착에 관한 특별약관,▶ ① 장치 : 차량용 영상기록장치(블랙박스)를 장착한 차량② 차령 : 전 차령③ 차종 : 전 차종④ 고지방식 : 차량번호판 사진 및 블랙박스 사진 전송,대면/TM/CM,대인1/대인2/대물/자손/무보험/자차,3.0
블랙박스장착할인,흥국화재해상보험,차량용 영상기록장치(블랙박스)장착에 관한 특별약관,▶ ① 장치 : 차량용 영상기록장치(블랙박스)를 장착한 차량② 차령 : 신차③ 차종 : 전 차종,대면/TM/CM/PM,대인1/대인2/대물/자손/무보험/자차,6.0
블랙박스장착할인,흥국화재해상보험,차량용 영상기록장치(블랙박스)장착에 관한 특별약관,▶ ① 장치 : 차량용 영상기록장치(블랙박스)를 장착한 차량② 차령 : 1년식-5년식③ 차종 : 전 차종,대면/TM/CM/PM,대인1/대인2/대물/자손/무보험/자차,2.0
블랙박스장착할인,삼성화재해상보험,차량용영상기록장치장착에 관한 특별약관,▶ ① 차량용 영상기록장치(최초 출고시 차량에 내장되어 있는 내장형 블랙박스) 장착② 차령 조건 : 5년 미만③ 차종 조건 : 전 차종,"대면, TM, CM, 플랫폼","대인1, 대인2, 대물, 자손, 무보험, 자차",6.9
블랙박스장착할인,삼성화재해상보험,차량용영상기록장치장착에 관한 특별약관,▶ ① 차량용 영상기록장치(최초 출고시 차량에 내장되어 있는 내장형 블랙박스) 장착② 차령 조건 : 5년 이상 - 12년 미만③ 차종 조건 : 전 차종,"대면, TM, CM, 플랫폼","대인1, 대인2, 대물, 자손, 무보험, 자차",5.0
블랙박스장착할인,삼성화재해상보험,차량용영상기록장치장착에 관한 특별약관,▶ ① 차량용 영상기록장치(내장형 제외) 장착② 차령 조건 : 12년 미만③ 차종 조건 : 전 차종,"대면, TM, CM, 플랫폼","대인1, 대인2, 대물, 자손, 무보험, 자차",4.0
블랙박스장착할인,삼성화재해상보험,차량용영상기록장치장착에 관한 특별약관,▶ ① 차량용 영상기록장치 장착② 차령 조건 : 12년 이상③ 차종 조건 : 전 차종,"대면, TM, CM, 플랫폼","대인1, 대인2, 대물, 자손, 무보험, 자차",3.0
블랙박스장착할인,삼성화재해상보험,커넥티드 블랙박스 장착에 관한 특별약관,▶ ① 주행정보(GPS) 수집이 가능한 무선통신형 차량용 영상기록장치 장착② 차령 조건 : 12년 미만③ 차종 조건 : 전 차종,"대면, TM, CM, 플랫폼","대인1, 대인2, 대물, 자손, 무보험, 자차",4.0
블랙박스장착할인,삼성화재해상보험,커넥티드 블랙박스 장착에 관한 특별약관,▶ ① 주행정보(GPS) 수집이 가능한 무선통신형 차량용 영상기록장치 장착② 차령 조건 : 12년 이상③ 차종 조건 : 전 차종,"대면, TM, CM, 플랫폼","대인1, 대인2, 대물, 자손, 무보험, 자차",3.0
블랙박스장착할인,현대해상화재보험,차량용 영상기록장치(블랙박스) 할인 특별약관,▶ ① 장치 : 차량용 영상기록장치(일반용 블랙박스)를 장착한 차량② 차령 : 신차-12년전 이하③ 차종 : 전 차종,대면/TM/CM/플랫폼,대인1/대인2/대물/자손/무보험/자차,2.2
블랙박스장착할인,현대해상화재보험,차량용 영상기록장치(블랙박스) 할인 특별약관,▶ ① 장치 : 차량용 영상기록장치(커넥티드 블랙박스)를 장착한 차량② 차령 : 신차-12년전 이하③ 차종 : 전 차종,대면/TM/CM/플랫폼,대인1/대인2/대물/자손/무보험/자차,5.9
블랙박스장착할인,현대해상화재보험,차량용 영상기록장치(블랙박스) 할인 특별약관,▶ ① 장치 : 차량용 영상기록장치(커넥티드 블랙박스)를 장착한 차량② 차령 : 13년전 이상③ 차종 : 전 차종,대면/TM/CM/플랫폼,대인1/대인2/대물/자손/무보험/자차,3.8
블랙박스장착할인,현대해상화재보험,차량용 영상기록장치(블랙박스) 할인 특별약관,▶ ① 장치 : 차량용 영상기록장치(빌트인캠)를 장착한 차량② 차령 : 신차-12년전 이하③ 차종 : 전 차종,대면/TM/CM/플랫폼,대인1/대인2/대물/자손/무보험/자차,6.7
블랙박스장착할인,현대해상화재보험,차량용 영상기록장치(블랙박스) 할인 특별약관,▶ ① 장치 : 차량용 영상기록장치(빌트인캠)를 장착한 차량② 차령 : 13년전 이상③ 차종 : 전 차종,대면/TM/CM/플랫폼,대인1/대인2/대물/자손/무보험/자차,4.6
블랙박스장착할인,KB손해보험,블랙박스 장착 할인 특별약관,▶ ① 피보험자동차에 내장형 블랙박스가 장착되어있는 경우③ 전 차종,대면/TM/CM/PM,대인1/대인2/대물/자손/무보험/자차,7.0
블랙박스장착할인,KB손해보험,블랙박스 장착 할인 특별약관,▶ ① 피보험자동차에 블랙박스를 장착한 경우② 차령조건: 신차-2년식③ 전 차종,대면/TM/CM/PM,대인1/대인2/대물/자손/무보험/자차,4.7
블랙박스장착할인,KB손해보험,블랙박스 장착 할인 특별약관,▶ ① 피보험자동차에 블랙박스를 장착한 경우② 차령조건: 3-11년식③ 전 차종,대면/TM/CM/PM,대인1/대인2/대물/자손/무보험/자차,2.9
블랙박스장착할인,DB손해보험,차량용 블랙박스에 관한 특별약관,▶ ① 피보험자동차에 블랙박스를 장착한 경우② 차령 : 0-2년식③ 차종 : 전 차종,대면/TM/CM/플랫폼,"대인1/대인2/대물/
자손/무보험/자차",2.5
블랙박스장착할인,DB손해보험,차량용 블랙박스에 관한 특별약관,▶ ① 피보험자동차에 블랙박스를 장착한 경우② 차령 : 3- 9년식③ 차종 : 전 차종,대면/TM/CM/플랫폼,"대인1/대인2/대물/
자손/무보험/자차",1.4
블랙박스장착할인,AXA손해보험,차량용 영상기록장치(블랙박스) 특별약관,▶ ① 피보험자동차에 블랙박스를 장착한 경우② 차령 조건 : 3년 이내③ 차종 조건 : 전 차종,"TM, CM","대인1, 대인2, 대물, 자손, 무보험차상해, 자차",5.9
블랙박스장착할인,AXA손해보험,차량용 영상기록장치(블랙박스) 특별약관,▶ ① 피보험자동차에 블랙박스를 장착한 경우② 차령 조건 : 3년 초과③ 차종 조건 : 전 차종,"TM, CM","대인1, 대인2, 대물, 자손, 무보험차상해, 자차",1.4
블랙박스장착할인,하나손해보험,블랙박스 특별약관,▶ ① 장치 : 차량용 블랙박스를 장착② 차령 : 신차-9년③ 차종 : 승용자동차,대면/TM/CM/PM,"대인1, 대인2, 대물, 자손, 무보험차상해, 자차",5.0
블랙박스장착할인,하나손해보험,블랙박스 특별약관,▶ ① 장치 : 차량용 블랙박스를 장착② 차령 : 10년 이상③ 차종 : 승용자동차,대면/TM/CM/PM,"대인1, 대인2, 대물, 자손, 무보험차상해, 자차",1.0
마일리지(후정산형)할인,메리츠화재보험,주행거리 연동 할인 특별약관,▶ ① 주행거리 조건 : 연간 주행거리 3천km 이하② 고지방식 조건 : 계기판 사진 전송③ 차종 조건 : 전 차종④ 보험기간 조건 : 보험기간이 3개월 이상,대면/TM/CM/PM,대인1/대인2/대물/자손/무보험/자차,46.0
마일리지(후정산형)할인,메리츠화재보험,주행거리 연동 할인 특별약관,▶ ① 주행거리 조건 : 연간 주행거리 3천km 초과 - 5천km 이하② 고지방식 조건 : 계기판 사진 전송③ 차종 조건 : 전 차종④ 보험기간 조건 : 보험기간이 3개월 이상,대면/TM/CM/PM,대인1/대인2/대물/자손/무보험/자차,37.0
마일리지(후정산형)할인,메리츠화재보험,주행거리 연동 할인 특별약관,▶ ① 주행거리 조건 : 연간 주행거리 5천km 초과 - 8천km 이하② 고지방식 조건 : 계기판 사진 전송③ 차종 조건 : 전 차종④ 보험기간 조건 : 보험기간이 3개월 이상,대면/TM/CM/PM,대인1/대인2/대물/자손/무보험/자차,28.0
마일리지(후정산형)할인,메리츠화재보험,주행거리 연동 할인 특별약관,▶ ① 주행거리 조건 : 연간 주행거리 8천km 초과 - 1만km 이하② 고지방식 조건 : 계기판 사진 전송③ 차종 조건 : 전 차종④ 보험기간 조건 : 보험기간이 3개월 이상,대면/TM/CM/PM,대인1/대인2/대물/자손/무보험/자차,17.0
마일리지(후정산형)할인,메리츠화재보험,주행거리 연동 할인 특별약관,▶ ① 주행거리 조건 : 연간 주행거리 1만km 초과 - 1만2천km 이하② 고지방식 조건 : 계기판 사진 전송③ 차종 조건 : 전 차종④ 보험기간 조건 : 보험기간이 3개월 이상,대면/TM/CM/PM,대인1/대인2/대물/자손/무보험/자차,10.0
마일리지(후정산형)할인,메리츠화재보험,주행거리 연동 할인 특별약관,▶ ① 주행거리 조건 : 연간 주행거리 1만2천km 초과 - 1만5천km 이하② 고지방식 조건 : 계기판 사진 전송③ 차종 조건 : 전 차종④ 보험기간 조건 : 보험기간이 3개월 이상,대면/TM/CM/PM,대인1/대인2/대물/자손/무보험/자차,2.0
마일리지(후정산형)할인,메리츠화재보험,주행거리 연동 할인 특별약관,▶ ① 주행거리 조건 : 연간 주행거리 1만5천km 초과 -  1만7천km 이하② 고지방식 조건 : 계기판 사진 전송③ 차종 조건 : 전 차종④ 보험기간 조건 : 보험기간이 3개월 이상,대면/TM/CM/PM,대인1/대인2/대물/자손/무보험/자차,2.0
마일리지(후정산형)할인,한화손해보험,ECO 마일리지 특별약관 (후정산),"▶ ① 주행거리 조건 : 2,000km 이하② 고지방식 조건 : 계기판？사진？전송③ 차종 조건 : 초소형/소형A,B④ 보험기간 조건 : 1년(추가가입의 경우 잔여기간 3개월이상)","대면, TM","대인1, 대인2, 대물, 자손, 무보험차상해, 자차",38.0
마일리지(후정산형)할인,한화손해보험,ECO 마일리지 특별약관 (후정산),"▶ ① 주행거리 조건 : 2,000km 초과 3,000km 이하② 고지방식 조건 : 계기판？사진？전송③ 차종 조건 : 초소형/소형A,B④ 보험기간 조건 : 1년(추가가입의 경우 잔여기간 3개월이상)","대면, TM","대인1, 대인2, 대물, 자손, 무보험차상해, 자차",33.0
마일리지(후정산형)할인,한화손해보험,ECO 마일리지 특별약관 (후정산),"▶ ① 주행거리 조건 : 3,000km 초과 5,000km 이하② 고지방식 조건 : 계기판？사진？전송③ 차종 조건 : 초소형/소형A,B④ 보험기간 조건 : 1년(추가가입의 경우 잔여기간 3개월이상)","대면, TM","대인1, 대인2, 대물, 자손, 무보험차상해, 자차",28.0
마일리지(후정산형)할인,한화손해보험,ECO 마일리지 특별약관 (후정산),"▶ ① 주행거리 조건 : 5,000km 초과 7,000km 이하② 고지방식 조건 : 계기판？사진？전송③ 차종 조건 : 초소형/소형A,B④ 보험기간 조건 : 1년(추가가입의 경우 잔여기간 3개월이상)","대면, TM","대인1, 대인2, 대물, 자손, 무보험차상해, 자차",19.0
마일리지(후정산형)할인,한화손해보험,ECO 마일리지 특별약관 (후정산),"▶ ① 주행거리 조건 : 7,000km 초과 10,000km 이하② 고지방식 조건 : 계기판？사진？전송③ 차종 조건 : 초소형/소형A,B④ 보험기간 조건 : 1년(추가가입의 경우 잔여기간 3개월이상)","대면, TM","대인1, 대인2, 대물, 자손, 무보험차상해, 자차",17.0
마일리지(후정산형)할인,한화손해보험,ECO 마일리지 특별약관 (후정산),"▶ ① 주행거리 조건 : 10,000km 초과 12,000km 이하② 고지방식 조건 : 계기판？사진？전송③ 차종 조건 : 초소형/소형A,B④ 보험기간 조건 : 1년(추가가입의 경우 잔여기간 3개월이상)","대면, TM","대인1, 대인2, 대물, 자손, 무보험차상해, 자차",12.0
마일리지(후정산형)할인,한화손해보험,ECO 마일리지 특별약관 (후정산),"▶ ① 주행거리 조건 : 12,000km 초과 15,000km 이하② 고지방식 조건 : 계기판？사진？전송③ 차종 조건 : 초소형/소형A,B④ 보험기간 조건 : 1년(추가가입의 경우 잔여기간 3개월이상)","대면, TM","대인1, 대인2, 대물, 자손, 무보험차상해, 자차",5.0
마일리지(후정산형)할인,한화손해보험,ECO 마일리지 특별약관 (후정산),"▶ ① 주행거리 조건 : 15,000km 초과 18,000km 이하② 고지방식 조건 : 계기판？사진？전송③ 차종 조건 : 초소형/소형A,B④ 보험기간 조건 : 1년(추가가입의 경우 잔여기간 3개월이상)","대면, TM","대인1, 대인2, 대물, 자손, 무보험차상해, 자차",2.0
마일리지(후정산형)할인,한화손해보험,ECO 마일리지 특별약관 (후정산),"▶ ① 주행거리 조건 : 2,000km 이하② 고지방식 조건 : 계기판？사진？전송③ 차종 조건 : 중형,대형④ 보험기간 조건 : 1년(추가가입의 경우 잔여기간 3개월이상)","대면, TM","대인1, 대인2, 대물, 자손, 무보험차상해, 자차",40.0
마일리지(후정산형)할인,한화손해보험,ECO 마일리지 특별약관 (후정산),"▶ ① 주행거리 조건 : 2,000km 초과 3,000km 이하② 고지방식 조건 : 계기판？사진？전송③ 차종 조건 : 중형,대형④ 보험기간 조건 : 1년(추가가입의 경우 잔여기간 3개월이상)","대면, TM","대인1, 대인2, 대물, 자손, 무보험차상해, 자차",36.0
마일리지(후정산형)할인,한화손해보험,ECO 마일리지 특별약관 (후정산),"▶ ① 주행거리 조건 : 3,000km 초과 5,000km 이하② 고지방식 조건 : 계기판？사진？전송③ 차종 조건 : 중형,대형④ 보험기간 조건 : 1년(추가가입의 경우 잔여기간 3개월이상)","대면, TM","대인1, 대인2, 대물, 자손, 무보험차상해, 자차",31.0
마일리지(후정산형)할인,한화손해보험,ECO 마일리지 특별약관 (후정산),"▶ ① 주행거리 조건 : 5,000km 초과 7,000km 이하② 고지방식 조건 : 계기판？사진？전송③ 차종 조건 : 중형,대형④ 보험기간 조건 : 1년(추가가입의 경우 잔여기간 3개월이상)","대면, TM","대인1, 대인2, 대물, 자손, 무보험차상해, 자차",22.0
마일리지(후정산형)할인,한화손해보험,ECO 마일리지 특별약관 (후정산),"▶ ① 주행거리 조건 : 7,000km 초과 10,000km 이하② 고지방식 조건 : 계기판？사진？전송③ 차종 조건 : 중형,대형④ 보험기간 조건 : 1년(추가가입의 경우 잔여기간 3개월이상)","대면, TM","대인1, 대인2, 대물, 자손, 무보험차상해, 자차",20.0
마일리지(후정산형)할인,한화손해보험,ECO 마일리지 특별약관 (후정산),"▶ ① 주행거리 조건 : 10,000km 초과 12,000km 이하② 고지방식 조건 : 계기판？사진？전송③ 차종 조건 : 중형,대형④ 보험기간 조건 : 1년(추가가입의 경우 잔여기간 3개월이상)","대면, TM","대인1, 대인2, 대물, 자손, 무보험차상해, 자차",15.0
마일리지(후정산형)할인,한화손해보험,ECO 마일리지 특별약관 (후정산),"▶ ① 주행거리 조건 : 12,000km 초과 15,000km 이하② 고지방식 조건 : 계기판？사진？전송③ 차종 조건 : 중형,대형④ 보험기간 조건 : 1년(추가가입의 경우 잔여기간 3개월이상)","대면, TM","대인1, 대인2, 대물, 자손, 무보험차상해, 자차",9.0
마일리지(후정산형)할인,한화손해보험,ECO 마일리지 특별약관 (후정산),"▶ ① 주행거리 조건 : 15,000km 초과 18,000km 이하② 고지방식 조건 : 계기판？사진？전송③ 차종 조건 : 중형,대형④ 보험기간 조건 : 1년(추가가입의 경우 잔여기간 3개월이상)","대면, TM","대인1, 대인2, 대물, 자손, 무보험차상해, 자차",2.0
마일리지(후정산형)할인,한화손해보험,ECO 마일리지 특별약관 (후정산),"▶ ① 주행거리 조건 : 2,000km 이하② 고지방식 조건 : 계기판？사진？전송③ 차종 조건 : 다인승1,2종④ 보험기간 조건 : 1년(추가가입의 경우 잔여기간 3개월이상)","대면, TM","대인1, 대인2, 대물, 자손, 무보험차상해, 자차",42.0
마일리지(후정산형)할인,한화손해보험,ECO 마일리지 특별약관 (후정산),"▶ ① 주행거리 조건 : 2,000km 초과 3,000km 이하② 고지방식 조건 : 계기판？사진？전송③ 차종 조건 : 다인승1,2종④ 보험기간 조건 : 1년(추가가입의 경우 잔여기간 3개월이상)","대면, TM","대인1, 대인2, 대물, 자손, 무보험차상해, 자차",38.0
마일리지(후정산형)할인,한화손해보험,ECO 마일리지 특별약관 (후정산),"▶ ① 주행거리 조건 : 3,000km 초과 5,000km 이하② 고지방식 조건 : 계기판？사진？전송③ 차종 조건 : 다인승1,2종④ 보험기간 조건 : 1년(추가가입의 경우 잔여기간 3개월이상)","대면, TM","대인1, 대인2, 대물, 자손, 무보험차상해, 자차",33.0
마일리지(후정산형)할인,한화손해보험,ECO 마일리지 특별약관 (후정산),"▶ ① 주행거리 조건 : 5,000km 초과 7,000km 이하② 고지방식 조건 : 계기판？사진？전송③ 차종 조건 : 다인승1,2종④ 보험기간 조건 : 1년(추가가입의 경우 잔여기간 3개월이상)","대면, TM","대인1, 대인2, 대물, 자손, 무보험차상해, 자차",25.0
마일리지(후정산형)할인,한화손해보험,ECO 마일리지 특별약관 (후정산),"▶ ① 주행거리 조건 : 7,000km 초과 10,000km 이하② 고지방식 조건 : 계기판？사진？전송③ 차종 조건 : 다인승1,2종④ 보험기간 조건 : 1년(추가가입의 경우 잔여기간 3개월이상)","대면, TM","대인1, 대인2, 대물, 자손, 무보험차상해, 자차",23.0
마일리지(후정산형)할인,한화손해보험,ECO 마일리지 특별약관 (후정산),"▶ ① 주행거리 조건 : 10,000km 초과 12,000km 이하② 고지방식 조건 : 계기판？사진？전송③ 차종 조건 : 다인승1,2종④ 보험기간 조건 : 1년(추가가입의 경우 잔여기간 3개월이상)","대면, TM","대인1, 대인2, 대물, 자손, 무보험차상해, 자차",18.0
마일리지(후정산형)할인,한화손해보험,ECO 마일리지 특별약관 (후정산),"▶ ① 주행거리 조건 : 12,000km 초과 15,000km 이하② 고지방식 조건 : 계기판？사진？전송③ 차종 조건 : 다인승1,2종④ 보험기간 조건 : 1년(추가가입의 경우 잔여기간 3개월이상)","대면, TM","대인1, 대인2, 대물, 자손, 무보험차상해, 자차",12.0
마일리지(후정산형)할인,한화손해보험,ECO 마일리지 특별약관 (후정산),"▶ ① 주행거리 조건 : 15,000km 초과 18,000km 이하② 고지방식 조건 : 계기판？사진？전송③ 차종 조건 : 다인승1,2종④ 보험기간 조건 : 1년(추가가입의 경우 잔여기간 3개월이상)","대면, TM","대인1, 대인2, 대물, 자손, 무보험차상해, 자차",2.0
마일리지(후정산형)할인,롯데손해보험,후할인 주행거리 특별약관,▶ ① 연간 주행거리 3천km 이하② 사진촬영 방식③ 전 차종④ 보험기간 3개월 이상,대면/TM/CM/PM,대인1/대인2/대물/자손/무보험/자차,31.0
마일리지(후정산형)할인,롯데손해보험,후할인 주행거리 특별약관,▶ ① 연간 주행거리 5천km 이하② 사진촬영 방식③ 전 차종④ 보험기간 3개월 이상,대면/TM/CM/PM,대인1/대인2/대물/자손/무보험/자차,23.0
마일리지(후정산형)할인,롯데손해보험,후할인 주행거리 특별약관,▶ ① 연간 주행거리 7천km 이하② 사진촬영 방식③ 전 차종④ 보험기간 3개월 이상,대면/TM/CM/PM,대인1/대인2/대물/자손/무보험/자차,18.0
마일리지(후정산형)할인,롯데손해보험,후할인 주행거리 특별약관,▶ ① 연간 주행거리 1만km 이하② 사진촬영 방식③ 전 차종④ 보험기간 3개월 이상,대면/TM/CM/PM,대인1/대인2/대물/자손/무보험/자차,17.0
마일리지(후정산형)할인,롯데손해보험,후할인 주행거리 특별약관,▶ ① 연간 주행거리 1만2천km 이하② 사진촬영 방식③ 전 차종④ 보험기간 3개월 이상,대면/TM/CM/PM,대인1/대인2/대물/자손/무보험/자차,2.0
마일리지(후정산형)할인,롯데손해보험,후할인 주행거리 특별약관,▶ ① 연간 주행거리 1만5천km 이하② 사진촬영 방식③ 전 차종④ 보험기간 3개월 이상,대면/TM/CM/PM,대인1/대인2/대물/자손/무보험/자차,1.0
마일리지(후정산형)할인,MG손해보험,마일리지 특별약관Ⅱ (후할인형),"▶ ① 주행거리 : 연간 2,000km 이하② 고지방식 : 차량번호판 사진 및 계기판 사진전송③ 차종 : 6인 이하 승용차④ 보험기간 : 1년(단, 동일증권 추가시 3개월 이상)",대면/TM/CM,대인1/대인2/대물/자손/무보험/자차,43.0
마일리지(후정산형)할인,MG손해보험,마일리지 특별약관Ⅱ (후할인형),"▶ ① 주행거리 : 연간 2,000km 초과 4,000km 이하② 고지방식 : 차량번호판 사진 및 계기판 사진전송③ 차종 : 6인 이하 승용차④ 보험기간 : 1년(단, 동일증권 추가시 3개월 이상)",대면/TM/CM,대인1/대인2/대물/자손/무보험/자차,39.0
마일리지(후정산형)할인,MG손해보험,마일리지 특별약관Ⅱ (후할인형),"▶ ① 주행거리 : 연간 4,000km 초과 7,000km 이하② 고지방식 : 차량번호판 사진 및 계기판 사진전송③ 차종 : 6인 이하 승용차④ 보험기간 : 1년(단, 동일증권 추가시 3개월 이상)",대면/TM/CM,대인1/대인2/대물/자손/무보험/자차,31.0
마일리지(후정산형)할인,MG손해보험,마일리지 특별약관Ⅱ (후할인형),"▶ ① 주행거리 : 연간 7,000km 초과 10,000km 이하② 고지방식 : 차량번호판 사진 및 계기판 사진전송③ 차종 : 6인 이하 승용차④ 보험기간 : 1년(단, 동일증권 추가시 3개월 이상)",대면/TM/CM,대인1/대인2/대물/자손/무보험/자차,24.0
마일리지(후정산형)할인,MG손해보험,마일리지 특별약관Ⅱ (후할인형),"▶ ① 주행거리 : 연간 10,000km 초과 12,000km 이하② 고지방식 : 차량번호판 사진 및 계기판 사진전송③ 차종 : 6인 이하 승용차④ 보험기간 : 1년(단, 동일증권 추가시 3개월 이상)",대면/TM/CM,대인1/대인2/대물/자손/무보험/자차,13.0
마일리지(후정산형)할인,MG손해보험,마일리지 특별약관Ⅱ (후할인형),"▶ ① 주행거리 : 연간 12,000km 초과 15,000km 이하② 고지방식 : 차량번호판 사진 및 계기판 사진전송③ 차종 : 6인 이하 승용차④ 보험기간 : 1년(단, 동일증권 추가시 3개월 이상)",대면/TM/CM,대인1/대인2/대물/자손/무보험/자차,12.0
마일리지(후정산형)할인,MG손해보험,마일리지 특별약관Ⅱ (후할인형),"▶ ① 주행거리 : 연간 5,000km 이하② 고지방식 : 차량번호판 사진 및 계기판 사진전송③ 차종 : 7인 이상 10인 이하 승용차④ 보험기간 : 1년(단, 동일증권 추가시 3개월 이상)",대면/TM/CM,대인1/대인2/대물/자손/무보험/자차,36.0
마일리지(후정산형)할인,MG손해보험,마일리지 특별약관Ⅱ (후할인형),"▶ ① 주행거리 : 연간 5,000km 초과 7,000km이하② 고지방식 : 차량번호판 사진 및 계기판 사진전송③ 차종 : 7인 이상 10인 이하 승용차④ 보험기간 : 1년(단, 동일증권 추가시 3개월 이상)",대면/TM/CM,대인1/대인2/대물/자손/무보험/자차,26.0
마일리지(후정산형)할인,MG손해보험,마일리지 특별약관Ⅱ (후할인형),"▶ ① 주행거리 : 연간 7,000km 초과 10,000km이하② 고지방식 : 차량번호판 사진 및 계기판 사진전송③ 차종 : 7인 이상 10인 이하 승용차④ 보험기간 : 1년(단, 동일증권 추가시 3개월 이상)",대면/TM/CM,대인1/대인2/대물/자손/무보험/자차,16.0
마일리지(후정산형)할인,MG손해보험,마일리지 특별약관Ⅱ (후할인형),"▶ ① 주행거리 : 연간 10,000km 초과 13,000km이하② 고지방식 : 차량번호판 사진 및 계기판 사진전송③ 차종 : 7인 이상 10인 이하 승용차④ 보험기간 : 1년(단, 동일증권 추가시 3개월 이상)",대면/TM/CM,대인1/대인2/대물/자손/무보험/자차,13.0
마일리지(후정산형)할인,흥국화재해상보험,주행거리 바로할인 특별약관,"▶ ① 주행거리 : 보험기간 동안 1,000km 이하② 고지방식 : 계기판 사진전송③ 차종 : 전 차종④ 보험기간 : 1년(단, 동일증권 추가시 3개월 이상)",대면/TM/CM/PM,대인1/대인2/대물/자손/무보험/자차,45.0
마일리지(후정산형)할인,흥국화재해상보험,주행거리 바로할인 특별약관,"▶ ① 주행거리 : 보험기간 동안 1,000km 초과 - 2,000km 이하② 고지방식 : 계기판 사진전송③ 차종 : 전 차종④ 보험기간 : 1년(단, 동일증권 추가시 3개월 이상)",대면/TM/CM/PM,대인1/대인2/대물/자손/무보험/자차,44.0
마일리지(후정산형)할인,흥국화재해상보험,주행거리 바로할인 특별약관,"▶ ① 주행거리 : 보험기간 동안 2,000km 초과 - 3,000km 이하② 고지방식 : 계기판 사진전송③ 차종 : 전 차종④ 보험기간 : 1년(단, 동일증권 추가시 3개월 이상)",대면/TM/CM/PM,대인1/대인2/대물/자손/무보험/자차,38.0
마일리지(후정산형)할인,흥국화재해상보험,주행거리 바로할인 특별약관,"▶ ① 주행거리 : 보험기간 동안 3,000km 초과 - 5,000km 이하② 고지방식 : 계기판 사진전송③ 차종 : 전 차종④ 보험기간 : 1년(단, 동일증권 추가시 3개월 이상)",대면/TM/CM/PM,대인1/대인2/대물/자손/무보험/자차,35.0
마일리지(후정산형)할인,흥국화재해상보험,주행거리 바로할인 특별약관,"▶ ① 주행거리 : 보험기간 동안 5,000km 초과 - 7,000km 이하② 고지방식 : 계기판 사진전송③ 차종 : 전 차종④ 보험기간 : 1년(단, 동일증권 추가시 3개월 이상)",대면/TM/CM/PM,대인1/대인2/대물/자손/무보험/자차,25.0
마일리지(후정산형)할인,흥국화재해상보험,주행거리 바로할인 특별약관,"▶ ① 주행거리 : 보험기간 동안 7,000km 초과 - 10,000km 이하② 고지방식 : 계기판 사진전송③ 차종 : 전 차종④ 보험기간 : 1년(단, 동일증권 추가시 3개월 이상)",대면/TM/CM/PM,대인1/대인2/대물/자손/무보험/자차,23.0
마일리지(후정산형)할인,흥국화재해상보험,주행거리 바로할인 특별약관,"▶ ① 주행거리 : 보험기간 동안 10,000km 초과 - 12,000km 이하② 고지방식 : 계기판 사진전송③ 차종 : 전 차종④ 보험기간 : 1년(단, 동일증권 추가시 3개월 이상)",대면/TM/CM/PM,대인1/대인2/대물/자손/무보험/자차,16.0
마일리지(후정산형)할인,흥국화재해상보험,주행거리 바로할인 특별약관,"▶ ① 주행거리 : 보험기간 동안 12,000km 초과 - 15,000km 이하② 고지방식 : 계기판 사진전송③ 차종 : 전 차종④ 보험기간 : 1년(단, 동일증권 추가시 3개월 이상)",대면/TM/CM/PM,대인1/대인2/대물/자손/무보험/자차,12.0
마일리지(후정산형)할인,흥국화재해상보험,주행거리 바로할인 특별약관,"▶ ① 주행거리 : 보험기간 동안 15,000km 초과 - 18,000km 이하② 고지방식 : 계기판 사진전송③ 차종 : 전 차종④ 보험기간 : 1년(단, 동일증권 추가시 3개월 이상)",대면/TM/CM/PM,대인1/대인2/대물/자손/무보험/자차,6.0
마일리지(후정산형)할인,삼성화재해상보험,Eco 마일리지 특별약관,"▶ ① 주행거리 조건 : 연간주행거리 1,000km 이하② 고지방식 조건 : 차량번호판 및 계기판 사진 전송③ 차종 조건 : 전 차종(전기차 및 수소차 외)④ 보험기간 조건 : 보험기간 1년(동일증권 추가차량은 3개월 이상)인 경우","대면, TM, CM, 플랫폼","대인1, 대인2, 대물, 자손, 무보험, 자차",40.0
마일리지(후정산형)할인,삼성화재해상보험,Eco 마일리지 특별약관,"▶ ① 주행거리 조건 : 연간주행거리 1,000km 이하② 고지방식 조건 : 차량번호판 및 계기판 사진 전송③ 차종 조건 : 전기차 및 수소차④ 보험기간 조건 : 보험기간 1년(동일증권 추가차량은 3개월 이상)인 경우","대면, TM, CM, 플랫폼","대인1, 대인2, 대물, 자손, 무보험, 자차",42.0
마일리지(후정산형)할인,삼성화재해상보험,Eco 마일리지 특별약관,"▶ ① 주행거리 조건 : 연간주행거리 2,000km 이하② 고지방식 조건 : 차량번호판 및 계기판 사진 전송③ 차종 조건 : 전 차종(전기차 및 수소차 외)④ 보험기간 조건 : 보험기간 1년(동일증권 추가차량은 3개월 이상)인 경우","대면, TM, CM, 플랫폼","대인1, 대인2, 대물, 자손, 무보험, 자차",34.0
마일리지(후정산형)할인,삼성화재해상보험,Eco 마일리지 특별약관,"▶ ① 주행거리 조건 : 연간주행거리 2,000km 이하② 고지방식 조건 : 차량번호판 및 계기판 사진 전송③ 차종 조건 : 전기차 및 수소차④ 보험기간 조건 : 보험기간 1년(동일증권 추가차량은 3개월 이상)인 경우","대면, TM, CM, 플랫폼","대인1, 대인2, 대물, 자손, 무보험, 자차",37.0
마일리지(후정산형)할인,삼성화재해상보험,Eco 마일리지 특별약관,"▶ ① 주행거리 조건 : 연간주행거리 3,000km 이하② 고지방식 조건 : 차량번호판 및 계기판 사진 전송③ 차종 조건 : 전 차종(전기차 및 수소차 외)④ 보험기간 조건 : 보험기간 1년(동일증권 추가차량은 3개월 이상)인 경우","대면, TM, CM, 플랫폼","대인1, 대인2, 대물, 자손, 무보험, 자차",28.0
마일리지(후정산형)할인,삼성화재해상보험,Eco 마일리지 특별약관,"▶ ① 주행거리 조건 : 연간주행거리 3,000km 이하② 고지방식 조건 : 차량번호판 및 계기판 사진 전송③ 차종 조건 : 전기차 및 수소차④ 보험기간 조건 : 보험기간 1년(동일증권 추가차량은 3개월 이상)인 경우","대면, TM, CM, 플랫폼","대인1, 대인2, 대물, 자손, 무보험, 자차",31.0
마일리지(후정산형)할인,삼성화재해상보험,Eco 마일리지 특별약관,"▶ ① 주행거리 조건 : 연간주행거리 4,000km 이하② 고지방식 조건 : 차량번호판 및 계기판 사진 전송③ 차종 조건 : 전 차종(전기차 및 수소차 외)④ 보험기간 조건 : 보험기간 1년(동일증권 추가차량은 3개월 이상)인 경우","대면, TM, CM, 플랫폼","대인1, 대인2, 대물, 자손, 무보험, 자차",25.0
마일리지(후정산형)할인,삼성화재해상보험,Eco 마일리지 특별약관,"▶ ① 주행거리 조건 : 연간주행거리 4,000km 이하② 고지방식 조건 : 차량번호판 및 계기판 사진 전송③ 차종 조건 : 전기차 및 수소차④ 보험기간 조건 : 보험기간 1년(동일증권 추가차량은 3개월 이상)인 경우","대면, TM, CM, 플랫폼","대인1, 대인2, 대물, 자손, 무보험, 자차",29.0
마일리지(후정산형)할인,삼성화재해상보험,Eco 마일리지 특별약관,"▶ ① 주행거리 조건 : 연간주행거리 5,000km 이하② 고지방식 조건 : 차량번호판 및 계기판 사진 전송③ 차종 조건 : 전 차종(전기차 및 수소차 외)④ 보험기간 조건 : 보험기간 1년(동일증권 추가차량은 3개월 이상)인 경우","대면, TM, CM, 플랫폼","대인1, 대인2, 대물, 자손, 무보험, 자차",23.0
마일리지(후정산형)할인,삼성화재해상보험,Eco 마일리지 특별약관,"▶ ① 주행거리 조건 : 연간주행거리 5,000km 이하② 고지방식 조건 : 차량번호판 및 계기판 사진 전송③ 차종 조건 : 전기차 및 수소차④ 보험기간 조건 : 보험기간 1년(동일증권 추가차량은 3개월 이상)인 경우","대면, TM, CM, 플랫폼","대인1, 대인2, 대물, 자손, 무보험, 자차",27.0
마일리지(후정산형)할인,삼성화재해상보험,Eco 마일리지 특별약관,"▶ ① 주행거리 조건 : 연간주행거리 6,000km 이하② 고지방식 조건 : 차량번호판 및 계기판 사진 전송③ 차종 조건 : 전 차종(전기차 및 수소차 외)④ 보험기간 조건 : 보험기간 1년(동일증권 추가차량은 3개월 이상)인 경우","대면, TM, CM, 플랫폼","대인1, 대인2, 대물, 자손, 무보험, 자차",22.0
마일리지(후정산형)할인,삼성화재해상보험,Eco 마일리지 특별약관,"▶ ① 주행거리 조건 : 연간주행거리 6,000km 이하② 고지방식 조건 : 차량번호판 및 계기판 사진 전송③ 차종 조건 : 전기차 및 수소차④ 보험기간 조건 : 보험기간 1년(동일증권 추가차량은 3개월 이상)인 경우","대면, TM, CM, 플랫폼","대인1, 대인2, 대물, 자손, 무보험, 자차",26.0
마일리지(후정산형)할인,삼성화재해상보험,Eco 마일리지 특별약관,"▶ ① 주행거리 조건 : 연간주행거리 8,000km 이하② 고지방식 조건 : 차량번호판 및 계기판 사진 전송③ 차종 조건 : 전 차종(전기차 및 수소차 외)④ 보험기간 조건 : 보험기간 1년(동일증권 추가차량은 3개월 이상)인 경우","대면, TM, CM, 플랫폼","대인1, 대인2, 대물, 자손, 무보험, 자차",20.0
마일리지(후정산형)할인,삼성화재해상보험,Eco 마일리지 특별약관,"▶ ① 주행거리 조건 : 연간주행거리 8,000km 이하② 고지방식 조건 : 차량번호판 및 계기판 사진 전송③ 차종 조건 : 전기차 및 수소차④ 보험기간 조건 : 보험기간 1년(동일증권 추가차량은 3개월 이상)인 경우","대면, TM, CM, 플랫폼","대인1, 대인2, 대물, 자손, 무보험, 자차",24.0
마일리지(후정산형)할인,삼성화재해상보험,Eco 마일리지 특별약관,"▶ ① 주행거리 조건 : 연간주행거리 10,000km 이하② 고지방식 조건 : 차량번호판 및 계기판 사진 전송③ 차종 조건 : 전 차종(전기차 및 수소차 외)④ 보험기간 조건 : 보험기간 1년(동일증권 추가차량은 3개월 이상)인 경우","대면, TM, CM, 플랫폼","대인1, 대인2, 대물, 자손, 무보험, 자차",16.0
마일리지(후정산형)할인,삼성화재해상보험,Eco 마일리지 특별약관,"▶ ① 주행거리 조건 : 연간주행거리 10,000km 이하② 고지방식 조건 : 차량번호판 및 계기판 사진 전송③ 차종 조건 : 전기차 및 수소차④ 보험기간 조건 : 보험기간 1년(동일증권 추가차량은 3개월 이상)인 경우","대면, TM, CM, 플랫폼","대인1, 대인2, 대물, 자손, 무보험, 자차",20.0
마일리지(후정산형)할인,삼성화재해상보험,Eco 마일리지 특별약관,"▶ ① 주행거리 조건 : 연간주행거리 12,000km 이하② 고지방식 조건 : 차량번호판 및 계기판 사진 전송③ 차종 조건 : 전 차종(전기차 및 수소차 외)④ 보험기간 조건 : 보험기간 1년(동일증권 추가차량은 3개월 이상)인 경우","대면, TM, CM, 플랫폼","대인1, 대인2, 대물, 자손, 무보험, 자차",5.0
마일리지(후정산형)할인,삼성화재해상보험,Eco 마일리지 특별약관,"▶ ① 주행거리 조건 : 연간주행거리 12,000km 이하② 고지방식 조건 : 차량번호판 및 계기판 사진 전송③ 차종 조건 : 전기차 및 수소차④ 보험기간 조건 : 보험기간 1년(동일증권 추가차량은 3개월 이상)인 경우","대면, TM, CM, 플랫폼","대인1, 대인2, 대물, 자손, 무보험, 자차",10.0
마일리지(후정산형)할인,삼성화재해상보험,Eco 마일리지 특별약관,"▶ ① 주행거리 조건 : 연간주행거리 15,000km 이하② 고지방식 조건 : 차량번호판 및 계기판 사진 전송③ 차종 조건 : 전차종④ 보험기간 조건 : 보험기간 1년(동일증권 추가차량은 3개월 이상)인 경우","대면, TM, CM, 플랫폼","대인1, 대인2, 대물, 자손, 무보험, 자차",2.0
마일리지(후정산형)할인,현대해상화재보험,Eco 마일리지 특별약관,"▶ ① 주행거리 : 보험기간 동안 1,000km 이하② 고지방식 : 계기판 사진전송③ 차종 : 전 차종④ 보험기간 : 1년(단, 동일증권 추가시 3개월 이상)",대면/TM/CM/플랫폼,대인1/대인2/대물/자손/무보험/자차,45.0
마일리지(후정산형)할인,현대해상화재보험,Eco 마일리지 특별약관,"▶ ① 주행거리 : 보험기간 동안 1,000km 초과, 3,000km 이하② 고지방식 : 계기판 사진전송③ 차종 : 전 차종④ 보험기간 : 1년(단, 동일증권 추가시 3개월 이상)",대면/TM/CM/플랫폼,대인1/대인2/대물/자손/무보험/자차,36.0
마일리지(후정산형)할인,현대해상화재보험,Eco 마일리지 특별약관,"▶ ① 주행거리 : 보험기간 동안 3,000km 초과 5,000km 이하② 고지방식 : 계기판 사진전송③ 차종 : 전 차종④ 보험기간 : 1년(단, 동일증권 추가시 3개월 이상)",대면/TM/CM/플랫폼,대인1/대인2/대물/자손/무보험/자차,29.0
마일리지(후정산형)할인,현대해상화재보험,Eco 마일리지 특별약관,"▶ ① 주행거리 : 보험기간 동안 5,000km 초과 8,000km 이하② 고지방식 : 계기판 사진전송③ 차종 : 전 차종④ 보험기간 : 1년(단, 동일증권 추가시 3개월 이상)",대면/TM/CM/플랫폼,대인1/대인2/대물/자손/무보험/자차,22.0
마일리지(후정산형)할인,현대해상화재보험,Eco 마일리지 특별약관,"▶ ① 주행거리 : 보험기간 동안 8,000km 초과 10,000km 이하② 고지방식 : 계기판 사진전송③ 차종 : 전 차종④ 보험기간 : 1년(단, 동일증권 추가시 3개월 이상)",대면/TM/CM/플랫폼,대인1/대인2/대물/자손/무보험/자차,18.0
마일리지(후정산형)할인,현대해상화재보험,Eco 마일리지 특별약관,"▶ ① 주행거리 : 보험기간 동안 10,000km 초과 12,000km 이하② 고지방식 : 계기판 사진전송③ 차종 : 전 차종④ 보험기간 : 1년(단, 동일증권 추가시 3개월 이상)",대면/TM/CM/플랫폼,대인1/대인2/대물/자손/무보험/자차,8.0
마일리지(후정산형)할인,현대해상화재보험,Eco 마일리지 특별약관,"▶ ① 주행거리 : 보험기간 동안 12,000km 초과 15,000km 이하② 고지방식 : 계기판 사진전송③ 차종 : 전 차종④ 보험기간 : 1년(단, 동일증권 추가시 3개월 이상)",대면/TM/CM/플랫폼,대인1/대인2/대물/자손/무보험/자차,5.0
마일리지(후정산형)할인,현대해상화재보험,Eco 마일리지 특별약관,"▶ ① 주행거리 : 보험기간 동안 1,000km 이하② 고지방식 : 운행정보 확인장치방식③ 차종 : 전 차종④ 보험기간 : 1년(단, 동일증권 추가시 3개월 이상)",대면/TM/CM/플랫폼,대인1/대인2/대물/자손/무보험/자차,46.0
마일리지(후정산형)할인,현대해상화재보험,Eco 마일리지 특별약관,"▶ ① 주행거리 : 보험기간 동안 1,000km 초과 3,000km 이하② 고지방식 : 운행정보 확인장치방식③ 차종 : 전 차종④ 보험기간 : 1년(단, 동일증권 추가시 3개월 이상)",대면/TM/CM/플랫폼,대인1/대인2/대물/자손/무보험/자차,38.0
마일리지(후정산형)할인,현대해상화재보험,Eco 마일리지 특별약관,"▶ ① 주행거리 : 보험기간 동안 3,000km 초과 5,000km 이하② 고지방식 : 운행정보 확인장치방식③ 차종 : 전 차종④ 보험기간 : 1년(단, 동일증권 추가시 3개월 이상)",대면/TM/CM/플랫폼,대인1/대인2/대물/자손/무보험/자차,31.0
마일리지(후정산형)할인,현대해상화재보험,Eco 마일리지 특별약관,"▶ ① 주행거리 : 보험기간 동안 5,000km 초과 8,000km 이하② 고지방식 : 운행정보 확인장치방식③ 차종 : 전 차종④ 보험기간 : 1년(단, 동일증권 추가시 3개월 이상)",대면/TM/CM/플랫폼,대인1/대인2/대물/자손/무보험/자차,24.0
마일리지(후정산형)할인,현대해상화재보험,Eco 마일리지 특별약관,"▶ ① 주행거리 : 보험기간 동안 8,000km 초과 10,000km 이하② 고지방식 : 운행정보 확인장치방식③ 차종 : 전 차종④ 보험기간 : 1년(단, 동일증권 추가시 3개월 이상)",대면/TM/CM/플랫폼,대인1/대인2/대물/자손/무보험/자차,20.0
마일리지(후정산형)할인,현대해상화재보험,Eco 마일리지 특별약관,"▶ ① 주행거리 : 보험기간 동안 10,000km 초과 12,000km 이하② 고지방식 : 운행정보 확인장치방식③ 차종 : 전 차종④ 보험기간 : 1년(단, 동일증권 추가시 3개월 이상)",대면/TM/CM/플랫폼,대인1/대인2/대물/자손/무보험/자차,10.0
마일리지(후정산형)할인,현대해상화재보험,Eco 마일리지 특별약관,"▶ ① 주행거리 : 보험기간 동안 12,000km 초과 15,000km 이하② 고지방식 : 운행정보 확인장치방식③ 차종 : 전 차종④ 보험기간 : 1년(단, 동일증권 추가시 3개월 이상)",대면/TM/CM/플랫폼,대인1/대인2/대물/자손/무보험/자차,7.0
마일리지(후정산형)할인,KB손해보험,마일리지 할인 특별약관(사진전송방식),"▶ ① 운행거리가 2,000km 이하인 경우② 사진촬영 방식③ 전차종④ 보험기간이 1년인 경우",대면/TM/CM/PM,대인1/대인2/대물/자손/무보험/자차,35.0
마일리지(후정산형)할인,KB손해보험,마일리지 할인 특별약관(사진전송방식),"▶ ① 운행거리가 2,000km 초과 4,000km 이하인 경우② 사진촬영 방식③ 전차종④ 보험기간이 1년인 경우",대면/TM/CM/PM,대인1/대인2/대물/자손/무보험/자차,30.0
마일리지(후정산형)할인,KB손해보험,마일리지 할인 특별약관(사진전송방식),"▶ ① 운행거리가 4,000km 초과 6,000km 이하인 경우② 사진촬영 방식③ 전차종④ 보험기간이 1년인 경우",대면/TM/CM/PM,대인1/대인2/대물/자손/무보험/자차,26.0
마일리지(후정산형)할인,KB손해보험,마일리지 할인 특별약관(사진전송방식),"▶ ① 운행거리가 6,000km 초과 8,000km 이하인 경우② 사진촬영 방식③ 전차종④ 보험기간이 1년인 경우",대면/TM/CM/PM,대인1/대인2/대물/자손/무보험/자차,20.5
마일리지(후정산형)할인,KB손해보험,마일리지 할인 특별약관(사진전송방식),"▶ ① 운행거리가 8,000km 초과 10,000km 이하인 경우② 사진촬영 방식③ 전차종④ 보험기간이 1년인 경우",대면/TM/CM/PM,대인1/대인2/대물/자손/무보험/자차,17.0
마일리지(후정산형)할인,KB손해보험,마일리지 할인 특별약관(사진전송방식),"▶ ① 운행거리가 10,000km 초과 12,000km 이하인 경우② 사진촬영 방식③ 전차종④ 보험기간이 1년인 경우",대면/TM/CM/PM,대인1/대인2/대물/자손/무보험/자차,7.1
마일리지(후정산형)할인,KB손해보험,마일리지 할인 특별약관(사진전송방식),"▶ ① 운행거리가 12,000km 초과 15,000km 이하인 경우② 사진촬영 방식③ 전차종④ 보험기간이 1년인 경우",대면/TM/CM/PM,대인1/대인2/대물/자손/무보험/자차,5.0
마일리지(후정산형)할인,KB손해보험,마일리지 할인 특별약관(운행정보확인장치방식),"▶ ① 운행거리가 2,000km 이하인 경우② 운행정보확인장치방식③ 전차종④ 보험기간이 1년인 경우",대면/TM/CM/PM,대인1/대인2/대물/자손/무보험/자차,37.4
마일리지(후정산형)할인,KB손해보험,마일리지 할인 특별약관(운행정보확인장치방식),"▶ ① 운행거리가 2,000km 초과 4,000km 이하인 경우② 운행정보확인장치방식③ 전차종④ 보험기간이 1년인 경우",대면/TM/CM/PM,대인1/대인2/대물/자손/무보험/자차,34.0
마일리지(후정산형)할인,KB손해보험,마일리지 할인 특별약관(운행정보확인장치방식),"▶ ① 운행거리가 4,000km 초과 6,000km 이하인 경우② 운행정보확인장치방식③ 전차종④ 보험기간이 1년인 경우",대면/TM/CM/PM,대인1/대인2/대물/자손/무보험/자차,27.7
마일리지(후정산형)할인,KB손해보험,마일리지 할인 특별약관(운행정보확인장치방식),"▶ ① 운행거리가 6,000km 초과 8,000km 이하인 경우② 운행정보확인장치방식③ 전차종④ 보험기간이 1년인 경우",대면/TM/CM/PM,대인1/대인2/대물/자손/무보험/자차,24.9
마일리지(후정산형)할인,KB손해보험,마일리지 할인 특별약관(운행정보확인장치방식),"▶ ① 운행거리가 8,000km 초과 10,000km 이하인 경우② 운행정보확인장치방식③ 전차종④ 보험기간이 1년인 경우",대면/TM/CM/PM,대인1/대인2/대물/자손/무보험/자차,19.8
마일리지(후정산형)할인,KB손해보험,마일리지 할인 특별약관(운행정보확인장치방식),"▶ ① 운행거리가 10,000km 초과 12,000km 이하인 경우② 운행정보확인장치방식③ 전차종④ 보험기간이 1년인 경우",대면/TM/CM/PM,대인1/대인2/대물/자손/무보험/자차,12.7
마일리지(후정산형)할인,KB손해보험,마일리지 할인 특별약관(운행정보확인장치방식),"▶ ① 운행거리가 12,000km 초과 15,000km 이하인 경우② 사진촬영 방식③ 전차종④ 보험기간이 1년인 경우",대면/TM/CM/PM,대인1/대인2/대물/자손/무보험/자차,9.0
마일리지(후정산형)할인,DB손해보험,주행거리 후할인 특별약관,"▶ ① 주행거리 : 보험기간 동안 1,000Km 이하② 고지방식 : 1)계기판 사진전송 2)보험개발원 조회를 통한 직전계약 최종 주행거리정보 확인③ 차종  : 다인 승용④ 보험기간 : 1년(단, 추가가입과 동일증권 추가 시 3개월 이상)⑤ 피보험자 연령 : 만29세 이하",대면/TM/CM/플랫폼,"대인1/대인2/대물/
자손/무보험/자차",47.0
마일리지(후정산형)할인,DB손해보험,주행거리 후할인 특별약관,"▶ ① 주행거리 : 보험기간 동안 1,000Km 초과 - 2,000Km 이하② 고지방식 : 1)계기판 사진전송 2)보험개발원 조회를 통한 직전계약 최종 주행거리정보 확인③ 차종  : 다인 승용④ 보험기간 : 1년(단, 추가가입과 동일증권 추가 시 3개월 이상)⑤ 피보험자 연령 : 만29세 이하",대면/TM/CM/플랫폼,"대인1/대인2/대물/
자손/무보험/자차",40.0
마일리지(후정산형)할인,DB손해보험,주행거리 후할인 특별약관,"▶ ① 주행거리 : 보험기간 동안 2,000Km 초과 - 3,000Km 이하② 고지방식 : 1)계기판 사진전송 2)보험개발원 조회를 통한 직전계약 최종 주행거리정보 확인③ 차종  : 다인 승용④ 보험기간 : 1년(단, 추가가입과 동일증권 추가 시 3개월 이상)⑤ 피보험자 연령 : 만29세 이하",대면/TM/CM/플랫폼,"대인1/대인2/대물/
자손/무보험/자차",33.0
마일리지(후정산형)할인,DB손해보험,주행거리 후할인 특별약관,"▶ ① 주행거리 : 보험기간 동안 3,000Km 초과 - 4,000Km 이하② 고지방식 : 1)계기판 사진전송 2)보험개발원 조회를 통한 직전계약 최종 주행거리정보 확인③ 차종  : 다인 승용④ 보험기간 : 1년(단, 추가가입과 동일증권 추가 시 3개월 이상)⑤ 피보험자 연령 : 만29세 이하",대면/TM/CM/플랫폼,"대인1/대인2/대물/
자손/무보험/자차",31.0
마일리지(후정산형)할인,DB손해보험,주행거리 후할인 특별약관,"▶ ① 주행거리 : 보험기간 동안 4,000Km 초과 - 5,000Km 이하② 고지방식 : 1)계기판 사진전송 2)보험개발원 조회를 통한 직전계약 최종 주행거리정보 확인③ 차종  : 다인 승용④ 보험기간 : 1년(단, 추가가입과 동일증권 추가 시 3개월 이상)⑤ 피보험자 연령 : 만29세 이하",대면/TM/CM/플랫폼,"대인1/대인2/대물/
자손/무보험/자차",29.0
마일리지(후정산형)할인,DB손해보험,주행거리 후할인 특별약관,"▶ ① 주행거리 : 보험기간 동안 5,000Km 초과 - 6,000Km 이하② 고지방식 : 1)계기판 사진전송 2)보험개발원 조회를 통한 직전계약 최종 주행거리정보 확인③ 차종  : 다인 승용④ 보험기간 : 1년(단, 추가가입과 동일증권 추가 시 3개월 이상)⑤ 피보험자 연령 : 만29세 이하",대면/TM/CM/플랫폼,"대인1/대인2/대물/
자손/무보험/자차",28.0
마일리지(후정산형)할인,DB손해보험,주행거리 후할인 특별약관,"▶ ① 주행거리 : 보험기간 동안 6,000Km 초과 - 7,000Km 이하② 고지방식 : 1)계기판 사진전송 2)보험개발원 조회를 통한 직전계약 최종 주행거리정보 확인③ 차종  : 다인 승용④ 보험기간 : 1년(단, 추가가입과 동일증권 추가 시 3개월 이상)⑤ 피보험자 연령 : 만29세 이하",대면/TM/CM/플랫폼,"대인1/대인2/대물/
자손/무보험/자차",27.0
마일리지(후정산형)할인,DB손해보험,주행거리 후할인 특별약관,"▶ ① 주행거리 : 보험기간 동안 7,000Km 초과 - 8,000Km 이하② 고지방식 : 1)계기판 사진전송 2)보험개발원 조회를 통한 직전계약 최종 주행거리정보 확인③ 차종  : 다인 승용④ 보험기간 : 1년(단, 추가가입과 동일증권 추가 시 3개월 이상)⑤ 피보험자 연령 : 만29세 이하",대면/TM/CM/플랫폼,"대인1/대인2/대물/
자손/무보험/자차",25.0
마일리지(후정산형)할인,DB손해보험,주행거리 후할인 특별약관,"▶ ① 주행거리 : 보험기간 동안 8,000Km 초과 - 9,000Km 이하② 고지방식 : 1)계기판 사진전송 2)보험개발원 조회를 통한 직전계약 최종 주행거리정보 확인③ 차종  : 다인 승용④ 보험기간 : 1년(단, 추가가입과 동일증권 추가 시 3개월 이상)⑤ 피보험자 연령 : 만29세 이하",대면/TM/CM/플랫폼,"대인1/대인2/대물/
자손/무보험/자차",24.0
마일리지(후정산형)할인,DB손해보험,주행거리 후할인 특별약관,"▶ ① 주행거리 : 보험기간 동안 9,000Km 초과 - 10,000Km 이하② 고지방식 : 1)계기판 사진전송 2)보험개발원 조회를 통한 직전계약 최종 주행거리정보 확인③ 차종  : 일반 승용④ 보험기간 : 1년(단, 추가가입과 동일증권 추가 시 3개월 이상)⑤ 피보험자 연령 : 만29세 이하",대면/TM/CM/플랫폼,"대인1/대인2/대물/
자손/무보험/자차",23.0
마일리지(후정산형)할인,DB손해보험,주행거리 후할인 특별약관,"▶ ① 주행거리 : 보험기간 동안 10,000Km 초과 - 12,000Km 이하② 고지방식 : 1)계기판 사진전송 2)보험개발원 조회를 통한 직전계약 최종 주행거리정보 확인③ 차종  : 다인 승용④ 보험기간 : 1년(단, 추가가입과 동일증권 추가 시 3개월 이상)⑤ 피보험자 연령 : 만29세 이하",대면/TM/CM/플랫폼,"대인1/대인2/대물/
자손/무보험/자차",14.0
마일리지(후정산형)할인,DB손해보험,주행거리 후할인 특별약관,"▶ ① 주행거리 : 보험기간 동안 12,000Km 초과 - 15,000Km 이하② 고지방식 : 1)계기판 사진전송 2)보험개발원 조회를 통한 직전계약 최종 주행거리정보 확인③ 차종  : 다인 승용④ 보험기간 : 1년(단, 추가가입과 동일증권 추가 시 3개월 이상)⑤ 피보험자 연령 : 만29세 이하",대면/TM/CM/플랫폼,"대인1/대인2/대물/
자손/무보험/자차",11.0
마일리지(후정산형)할인,DB손해보험,주행거리 후할인 특별약관,"▶ ① 주행거리 : 보험기간 동안 1,000Km 이하② 고지방식 : 1)계기판 사진전송 2)보험개발원 조회를 통한 직전계약 최종 주행거리정보 확인③ 차종  : 개인 승용④ 보험기간 : 1년(단, 추가가입과 동일증권 추가 시 3개월 이상)⑤ 피보험자 연령 : 만29세 이하",대면/TM/CM/플랫폼,"대인1/대인2/대물/
자손/무보험/자차",44.0
마일리지(후정산형)할인,DB손해보험,주행거리 후할인 특별약관,"▶ ① 주행거리 : 보험기간 동안 1,000Km 초과 - 2,000Km 이하② 고지방식 : 1)계기판 사진전송 2)보험개발원 조회를 통한 직전계약 최종 주행거리정보 확인③ 차종  : 개인 승용④ 보험기간 : 1년(단, 추가가입과 동일증권 추가 시 3개월 이상)⑤ 피보험자 연령 : 만29세 이하",대면/TM/CM/플랫폼,"대인1/대인2/대물/
자손/무보험/자차",37.0
마일리지(후정산형)할인,DB손해보험,주행거리 후할인 특별약관,"▶ ① 주행거리 : 보험기간 동안 2,000Km 초과 - 3,000Km 이하② 고지방식 : 1)계기판 사진전송 2)보험개발원 조회를 통한 직전계약 최종 주행거리정보 확인③ 차종  : 개인 승용④ 보험기간 : 1년(단, 추가가입과 동일증권 추가 시 3개월 이상)⑤ 피보험자 연령 : 만29세 이하",대면/TM/CM/플랫폼,"대인1/대인2/대물/
자손/무보험/자차",29.0
마일리지(후정산형)할인,DB손해보험,주행거리 후할인 특별약관,"▶ ① 주행거리 : 보험기간 동안 3,000Km 초과 - 4,000Km 이하② 고지방식 : 1)계기판 사진전송 2)보험개발원 조회를 통한 직전계약 최종 주행거리정보 확인③ 차종  : 개인 승용④ 보험기간 : 1년(단, 추가가입과 동일증권 추가 시 3개월 이상)⑤ 피보험자 연령 : 만29세 이하",대면/TM/CM/플랫폼,"대인1/대인2/대물/
자손/무보험/자차",27.0
마일리지(후정산형)할인,DB손해보험,주행거리 후할인 특별약관,"▶ ① 주행거리 : 보험기간 동안 4,000Km 초과 - 5,000Km 이하② 고지방식 : 1)계기판 사진전송 2)보험개발원 조회를 통한 직전계약 최종 주행거리정보 확인③ 차종  : 개인 승용④ 보험기간 : 1년(단, 추가가입과 동일증권 추가 시 3개월 이상)⑤ 피보험자 연령 : 만29세 이하",대면/TM/CM/플랫폼,"대인1/대인2/대물/
자손/무보험/자차",26.0
마일리지(후정산형)할인,DB손해보험,주행거리 후할인 특별약관,"▶ ① 주행거리 : 보험기간 동안 5,000Km 초과 - 6,000Km 이하② 고지방식 : 1)계기판 사진전송 2)보험개발원 조회를 통한 직전계약 최종 주행거리정보 확인③ 차종  : 개인 승용④ 보험기간 : 1년(단, 추가가입과 동일증권 추가 시 3개월 이상)⑤ 피보험자 연령 : 만29세 이하",대면/TM/CM/플랫폼,"대인1/대인2/대물/
자손/무보험/자차",24.0
마일리지(후정산형)할인,DB손해보험,주행거리 후할인 특별약관,"▶ ① 주행거리 : 보험기간 동안 6,000Km 초과 - 7,000Km 이하② 고지방식 : 1)계기판 사진전송 2)보험개발원 조회를 통한 직전계약 최종 주행거리정보 확인③ 차종  : 개인 승용④ 보험기간 : 1년(단, 추가가입과 동일증권 추가 시 3개월 이상)⑤ 피보험자 연령 : 만29세 이하",대면/TM/CM/플랫폼,"대인1/대인2/대물/
자손/무보험/자차",24.0
마일리지(후정산형)할인,DB손해보험,주행거리 후할인 특별약관,"▶ ① 주행거리 : 보험기간 동안 7,000Km 초과 - 8,000Km 이하② 고지방식 : 1)계기판 사진전송 2)보험개발원 조회를 통한 직전계약 최종 주행거리정보 확인③ 차종  : 개인 승용④ 보험기간 : 1년(단, 추가가입과 동일증권 추가 시 3개월 이상)⑤ 피보험자 연령 : 만29세 이하",대면/TM/CM/플랫폼,"대인1/대인2/대물/
자손/무보험/자차",23.0
마일리지(후정산형)할인,DB손해보험,주행거리 후할인 특별약관,"▶ ① 주행거리 : 보험기간 동안 8,000Km 초과 - 9,000Km 이하② 고지방식 : 1)계기판 사진전송 2)보험개발원 조회를 통한 직전계약 최종 주행거리정보 확인③ 차종  : 개인 승용④ 보험기간 : 1년(단, 추가가입과 동일증권 추가 시 3개월 이상)⑤ 피보험자 연령 : 만29세 이하",대면/TM/CM/플랫폼,"대인1/대인2/대물/
자손/무보험/자차",21.0
마일리지(후정산형)할인,DB손해보험,주행거리 후할인 특별약관,"▶ ① 주행거리 : 보험기간 동안 9,000Km 초과 - 10,000Km 이하② 고지방식 : 1)계기판 사진전송 2)보험개발원 조회를 통한 직전계약 최종 주행거리정보 확인③ 차종  : 개인 승용④ 보험기간 : 1년(단, 추가가입과 동일증권 추가 시 3개월 이상)⑤ 피보험자 연령 : 만29세 이하",대면/TM/CM/플랫폼,"대인1/대인2/대물/
자손/무보험/자차",20.0
마일리지(후정산형)할인,DB손해보험,주행거리 후할인 특별약관,"▶ ① 주행거리 : 보험기간 동안 10,000Km 초과 - 12,000Km 이하② 고지방식 : 1)계기판 사진전송 2)보험개발원 조회를 통한 직전계약 최종 주행거리정보 확인③ 차종  : 개인 승용④ 보험기간 : 1년(단, 추가가입과 동일증권 추가 시 3개월 이상)⑤ 피보험자 연령 : 만29세 이하",대면/TM/CM/플랫폼,"대인1/대인2/대물/
자손/무보험/자차",14.0
마일리지(후정산형)할인,DB손해보험,주행거리 후할인 특별약관,"▶ ① 주행거리 : 보험기간 동안 12,000Km 초과 - 15,000Km 이하② 고지방식 : 1)계기판 사진전송 2)보험개발원 조회를 통한 직전계약 최종 주행거리정보 확인③ 차종  : 개인 승용④ 보험기간 : 1년(단, 추가가입과 동일증권 추가 시 3개월 이상)⑤ 피보험자 연령 : 만29세 이하",대면/TM/CM/플랫폼,"대인1/대인2/대물/
자손/무보험/자차",11.0
마일리지(후정산형)할인,DB손해보험,주행거리 후할인 특별약관,"▶ ① 주행거리 : 보험기간 동안 1,000Km 이하② 고지방식 : 1)계기판 사진전송 2)보험개발원 조회를 통한 직전계약 최종 주행거리정보 확인③ 차종  : 수소, 전기차④ 보험기간 : 1년(단, 추가가입과 동일증권 추가 시 3개월 이상)⑤ 피보험자 연령 : 만29세 이하",대면/TM/CM/플랫폼,"대인1/대인2/대물/
자손/무보험/자차",46.0
마일리지(후정산형)할인,DB손해보험,주행거리 후할인 특별약관,"▶ ① 주행거리 : 보험기간 동안 1,000Km 초과 - 2,000Km 이하② 고지방식 : 1)계기판 사진전송 2)보험개발원 조회를 통한 직전계약 최종 주행거리정보 확인③ 차종  : 수소, 전기차④ 보험기간 : 1년(단, 추가가입과 동일증권 추가 시 3개월 이상)⑤ 피보험자 연령 : 만29세 이하",대면/TM/CM/플랫폼,"대인1/대인2/대물/
자손/무보험/자차",39.0
마일리지(후정산형)할인,DB손해보험,주행거리 후할인 특별약관,"▶ ① 주행거리 : 보험기간 동안 2,000Km 초과 - 3,000Km 이하② 고지방식 : 1)계기판 사진전송 2)보험개발원 조회를 통한 직전계약 최종 주행거리정보 확인③ 차종  : 수소, 전기차④ 보험기간 : 1년(단, 추가가입과 동일증권 추가 시 3개월 이상)⑤ 피보험자 연령 : 만29세 이하",대면/TM/CM/플랫폼,"대인1/대인2/대물/
자손/무보험/자차",32.0
마일리지(후정산형)할인,DB손해보험,주행거리 후할인 특별약관,"▶ ① 주행거리 : 보험기간 동안 3,000Km 초과 - 4,000Km 이하② 고지방식 : 1)계기판 사진전송 2)보험개발원 조회를 통한 직전계약 최종 주행거리정보 확인③ 차종  : 수소, 전기차④ 보험기간 : 1년(단, 추가가입과 동일증권 추가 시 3개월 이상)⑤ 피보험자 연령 : 만29세 이하",대면/TM/CM/플랫폼,"대인1/대인2/대물/
자손/무보험/자차",30.0
마일리지(후정산형)할인,DB손해보험,주행거리 후할인 특별약관,"▶ ① 주행거리 : 보험기간 동안 4,000Km 초과 - 5,000Km 이하② 고지방식 : 1)계기판 사진전송 2)보험개발원 조회를 통한 직전계약 최종 주행거리정보 확인③ 차종  : 수소, 전기차④ 보험기간 : 1년(단, 추가가입과 동일증권 추가 시 3개월 이상)⑤ 피보험자 연령 : 만29세 이하",대면/TM/CM/플랫폼,"대인1/대인2/대물/
자손/무보험/자차",29.0
마일리지(후정산형)할인,DB손해보험,주행거리 후할인 특별약관,"▶ ① 주행거리 : 보험기간 동안 5,000Km 초과 - 6,000Km 이하② 고지방식 : 1)계기판 사진전송 2)보험개발원 조회를 통한 직전계약 최종 주행거리정보 확인③ 차종  : 수소, 전기차④ 보험기간 : 1년(단, 추가가입과 동일증권 추가 시 3개월 이상)⑤ 피보험자 연령 : 만29세 이하",대면/TM/CM/플랫폼,"대인1/대인2/대물/
자손/무보험/자차",27.0
마일리지(후정산형)할인,DB손해보험,주행거리 후할인 특별약관,"▶ ① 주행거리 : 보험기간 동안 6,000Km 초과 - 7,000Km 이하② 고지방식 : 1)계기판 사진전송 2)보험개발원 조회를 통한 직전계약 최종 주행거리정보 확인③ 차종  : 수소, 전기차④ 보험기간 : 1년(단, 추가가입과 동일증권 추가 시 3개월 이상)⑤ 피보험자 연령 : 만29세 이하",대면/TM/CM/플랫폼,"대인1/대인2/대물/
자손/무보험/자차",26.0
마일리지(후정산형)할인,DB손해보험,주행거리 후할인 특별약관,"▶ ① 주행거리 : 보험기간 동안 7,000Km 초과 - 8,000Km 이하② 고지방식 : 1)계기판 사진전송 2)보험개발원 조회를 통한 직전계약 최종 주행거리정보 확인③ 차종  : 수소, 전기차④ 보험기간 : 1년(단, 추가가입과 동일증권 추가 시 3개월 이상)⑤ 피보험자 연령 : 만29세 이하",대면/TM/CM/플랫폼,"대인1/대인2/대물/
자손/무보험/자차",24.0
마일리지(후정산형)할인,DB손해보험,주행거리 후할인 특별약관,"▶ ① 주행거리 : 보험기간 동안 8,000Km 초과 - 9,000Km 이하② 고지방식 : 1)계기판 사진전송 2)보험개발원 조회를 통한 직전계약 최종 주행거리정보 확인③ 차종  : 수소, 전기차④ 보험기간 : 1년(단, 추가가입과 동일증권 추가 시 3개월 이상)⑤ 피보험자 연령 : 만29세 이하",대면/TM/CM/플랫폼,"대인1/대인2/대물/
자손/무보험/자차",24.0
마일리지(후정산형)할인,DB손해보험,주행거리 후할인 특별약관,"▶ ① 주행거리 : 보험기간 동안 9,000Km 초과 - 10,000Km 이하② 고지방식 : 1)계기판 사진전송 2)보험개발원 조회를 통한 직전계약 최종 주행거리정보 확인③ 차종  : 수소, 전기차④ 보험기간 : 1년(단, 추가가입과 동일증권 추가 시 3개월 이상)⑤ 피보험자 연령 : 만29세 이하",대면/TM/CM/플랫폼,"대인1/대인2/대물/
자손/무보험/자차",23.0
마일리지(후정산형)할인,DB손해보험,주행거리 후할인 특별약관,"▶ ① 주행거리 : 보험기간 동안 10,000Km 초과 - 12,000Km 이하② 고지방식 : 1)계기판 사진전송 2)보험개발원 조회를 통한 직전계약 최종 주행거리정보 확인③ 차종  : 수소, 전기차④ 보험기간 : 1년(단, 추가가입과 동일증권 추가 시 3개월 이상)⑤ 피보험자 연령 : 만29세 이하",대면/TM/CM/플랫폼,"대인1/대인2/대물/
자손/무보험/자차",17.0
마일리지(후정산형)할인,DB손해보험,주행거리 후할인 특별약관,"▶ ① 주행거리 : 보험기간 동안 12,000Km 초과 - 15,000Km 이하② 고지방식 : 1)계기판 사진전송 2)보험개발원 조회를 통한 직전계약 최종 주행거리정보 확인③ 차종  : 수소, 전기차④ 보험기간 : 1년(단, 추가가입과 동일증권 추가 시 3개월 이상)⑤ 피보험자 연령 : 만29세 이하",대면/TM/CM/플랫폼,"대인1/대인2/대물/
자손/무보험/자차",15.0
마일리지(후정산형)할인,DB손해보험,주행거리 후할인 특별약관,"▶ ① 주행거리 : 보험기간 동안 1,000Km 이하② 고지방식 : 1)계기판 사진전송 2)보험개발원 조회를 통한 직전계약 최종 주행거리정보 확인③ 차종  : 다인 승용④ 보험기간 : 1년(단, 추가가입과 동일증권 추가 시 3개월 이상)⑤ 피보험자 연령 : 만30세 이상",대면/TM/CM/플랫폼,"대인1/대인2/대물/
자손/무보험/자차",45.0
마일리지(후정산형)할인,DB손해보험,주행거리 후할인 특별약관,"▶ ① 주행거리 : 보험기간 동안 1,000Km 초과 - 2,000Km 이하② 고지방식 : 1)계기판 사진전송 2)보험개발원 조회를 통한 직전계약 최종 주행거리정보 확인③ 차종  : 다인 승용④ 보험기간 : 1년(단, 추가가입과 동일증권 추가 시 3개월 이상)⑤ 피보험자 연령 : 만30세 이상",대면/TM/CM/플랫폼,"대인1/대인2/대물/
자손/무보험/자차",38.0
마일리지(후정산형)할인,DB손해보험,주행거리 후할인 특별약관,"▶ ① 주행거리 : 보험기간 동안 2,000Km 초과 - 3,000Km 이하② 고지방식 : 1)계기판 사진전송 2)보험개발원 조회를 통한 직전계약 최종 주행거리정보 확인③ 차종  : 다인 승용④ 보험기간 : 1년(단, 추가가입과 동일증권 추가 시 3개월 이상)⑤ 피보험자 연령 : 만30세 이상",대면/TM/CM/플랫폼,"대인1/대인2/대물/
자손/무보험/자차",31.0
마일리지(후정산형)할인,DB손해보험,주행거리 후할인 특별약관,"▶ ① 주행거리 : 보험기간 동안 3,000Km 초과 - 4,000Km 이하② 고지방식 : 1)계기판 사진전송 2)보험개발원 조회를 통한 직전계약 최종 주행거리정보 확인③ 차종  : 다인 승용④ 보험기간 : 1년(단, 추가가입과 동일증권 추가 시 3개월 이상)⑤ 피보험자 연령 : 만30세 이상",대면/TM/CM/플랫폼,"대인1/대인2/대물/
자손/무보험/자차",29.0
마일리지(후정산형)할인,DB손해보험,주행거리 후할인 특별약관,"▶ ① 주행거리 : 보험기간 동안 4,000Km 초과 - 5,000Km 이하② 고지방식 : 1)계기판 사진전송 2)보험개발원 조회를 통한 직전계약 최종 주행거리정보 확인③ 차종  : 다인 승용④ 보험기간 : 1년(단, 추가가입과 동일증권 추가 시 3개월 이상)⑤ 피보험자 연령 : 만30세 이상",대면/TM/CM/플랫폼,"대인1/대인2/대물/
자손/무보험/자차",27.0
마일리지(후정산형)할인,DB손해보험,주행거리 후할인 특별약관,"▶ ① 주행거리 : 보험기간 동안 5,000Km 초과 - 6,000Km 이하② 고지방식 : 1)계기판 사진전송 2)보험개발원 조회를 통한 직전계약 최종 주행거리정보 확인③ 차종  : 다인 승용④ 보험기간 : 1년(단, 추가가입과 동일증권 추가 시 3개월 이상)⑤ 피보험자 연령 : 만30세 이상",대면/TM/CM/플랫폼,"대인1/대인2/대물/
자손/무보험/자차",25.0
마일리지(후정산형)할인,DB손해보험,주행거리 후할인 특별약관,"▶ ① 주행거리 : 보험기간 동안 6,000Km 초과 - 7,000Km 이하② 고지방식 : 1)계기판 사진전송 2)보험개발원 조회를 통한 직전계약 최종 주행거리정보 확인③ 차종  : 다인 승용④ 보험기간 : 1년(단, 추가가입과 동일증권 추가 시 3개월 이상)⑤ 피보험자 연령 : 만30세 이상",대면/TM/CM/플랫폼,"대인1/대인2/대물/
자손/무보험/자차",24.0
마일리지(후정산형)할인,DB손해보험,주행거리 후할인 특별약관,"▶ ① 주행거리 : 보험기간 동안 7,000Km 초과 - 8,000Km 이하② 고지방식 : 1)계기판 사진전송 2)보험개발원 조회를 통한 직전계약 최종 주행거리정보 확인③ 차종  : 다인 승용④ 보험기간 : 1년(단, 추가가입과 동일증권 추가 시 3개월 이상)⑤ 피보험자 연령 : 만30세 이상",대면/TM/CM/플랫폼,"대인1/대인2/대물/
자손/무보험/자차",22.0
마일리지(후정산형)할인,DB손해보험,주행거리 후할인 특별약관,"▶ ① 주행거리 : 보험기간 동안 8,000Km 초과 - 9,000Km 이하② 고지방식 : 1)계기판 사진전송 2)보험개발원 조회를 통한 직전계약 최종 주행거리정보 확인③ 차종  : 다인 승용④ 보험기간 : 1년(단, 추가가입과 동일증권 추가 시 3개월 이상)⑤ 피보험자 연령 : 만30세 이상",대면/TM/CM/플랫폼,"대인1/대인2/대물/
자손/무보험/자차",21.0
마일리지(후정산형)할인,DB손해보험,주행거리 후할인 특별약관,"▶ ① 주행거리 : 보험기간 동안 9,000Km 초과 - 10,000Km 이하② 고지방식 : 1)계기판 사진전송 2)보험개발원 조회를 통한 직전계약 최종 주행거리정보 확인③ 차종  : 일반 승용④ 보험기간 : 1년(단, 추가가입과 동일증권 추가 시 3개월 이상)⑤ 피보험자 연령 : 만30세 이상",대면/TM/CM/플랫폼,"대인1/대인2/대물/
자손/무보험/자차",20.0
마일리지(후정산형)할인,DB손해보험,주행거리 후할인 특별약관,"▶ ① 주행거리 : 보험기간 동안 10,000Km 초과 - 12,000Km 이하② 고지방식 : 1)계기판 사진전송 2)보험개발원 조회를 통한 직전계약 최종 주행거리정보 확인③ 차종  : 다인 승용④ 보험기간 : 1년(단, 추가가입과 동일증권 추가 시 3개월 이상)⑤ 피보험자 연령 : 만30세 이상",대면/TM/CM/플랫폼,"대인1/대인2/대물/
자손/무보험/자차",11.0
마일리지(후정산형)할인,DB손해보험,주행거리 후할인 특별약관,"▶ ① 주행거리 : 보험기간 동안 12,000Km 초과 - 15,000Km 이하② 고지방식 : 1)계기판 사진전송 2)보험개발원 조회를 통한 직전계약 최종 주행거리정보 확인③ 차종  : 다인 승용④ 보험기간 : 1년(단, 추가가입과 동일증권 추가 시 3개월 이상)⑤ 피보험자 연령 : 만30세 이상",대면/TM/CM/플랫폼,"대인1/대인2/대물/
자손/무보험/자차",8.0
마일리지(후정산형)할인,DB손해보험,주행거리 후할인 특별약관,"▶ ① 주행거리 : 보험기간 동안 1,000Km 이하② 고지방식 : 1)계기판 사진전송 2)보험개발원 조회를 통한 직전계약 최종 주행거리정보 확인③ 차종  : 개인 승용④ 보험기간 : 1년(단, 추가가입과 동일증권 추가 시 3개월 이상)⑤ 피보험자 연령 : 만30세 이상",대면/TM/CM/플랫폼,"대인1/대인2/대물/
자손/무보험/자차",42.0
마일리지(후정산형)할인,DB손해보험,주행거리 후할인 특별약관,"▶ ① 주행거리 : 보험기간 동안 1,000Km 초과 - 2,000Km 이하② 고지방식 : 1)계기판 사진전송 2)보험개발원 조회를 통한 직전계약 최종 주행거리정보 확인③ 차종  : 개인 승용④ 보험기간 : 1년(단, 추가가입과 동일증권 추가 시 3개월 이상)⑤ 피보험자 연령 : 만30세 이상",대면/TM/CM/플랫폼,"대인1/대인2/대물/
자손/무보험/자차",35.0
마일리지(후정산형)할인,DB손해보험,주행거리 후할인 특별약관,"▶ ① 주행거리 : 보험기간 동안 2,000Km 초과 - 3,000Km 이하② 고지방식 : 1)계기판 사진전송 2)보험개발원 조회를 통한 직전계약 최종 주행거리정보 확인③ 차종  : 개인 승용④ 보험기간 : 1년(단, 추가가입과 동일증권 추가 시 3개월 이상)⑤ 피보험자 연령 : 만30세 이상",대면/TM/CM/플랫폼,"대인1/대인2/대물/
자손/무보험/자차",27.0
마일리지(후정산형)할인,DB손해보험,주행거리 후할인 특별약관,"▶ ① 주행거리 : 보험기간 동안 3,000Km 초과 - 4,000Km 이하② 고지방식 : 1)계기판 사진전송 2)보험개발원 조회를 통한 직전계약 최종 주행거리정보 확인③ 차종  : 개인 승용④ 보험기간 : 1년(단, 추가가입과 동일증권 추가 시 3개월 이상)⑤ 피보험자 연령 : 만30세 이상",대면/TM/CM/플랫폼,"대인1/대인2/대물/
자손/무보험/자차",25.0
마일리지(후정산형)할인,DB손해보험,주행거리 후할인 특별약관,"▶ ① 주행거리 : 보험기간 동안 4,000Km 초과 - 5,000Km 이하② 고지방식 : 1)계기판 사진전송 2)보험개발원 조회를 통한 직전계약 최종 주행거리정보 확인③ 차종  : 개인 승용④ 보험기간 : 1년(단, 추가가입과 동일증권 추가 시 3개월 이상)⑤ 피보험자 연령 : 만30세 이상",대면/TM/CM/플랫폼,"대인1/대인2/대물/
자손/무보험/자차",24.0
마일리지(후정산형)할인,DB손해보험,주행거리 후할인 특별약관,"▶ ① 주행거리 : 보험기간 동안 5,000Km 초과 - 6,000Km 이하② 고지방식 : 1)계기판 사진전송 2)보험개발원 조회를 통한 직전계약 최종 주행거리정보 확인③ 차종  : 개인 승용④ 보험기간 : 1년(단, 추가가입과 동일증권 추가 시 3개월 이상)⑤ 피보험자 연령 : 만30세 이상",대면/TM/CM/플랫폼,"대인1/대인2/대물/
자손/무보험/자차",22.0
마일리지(후정산형)할인,DB손해보험,주행거리 후할인 특별약관,"▶ ① 주행거리 : 보험기간 동안 6,000Km 초과 - 7,000Km 이하② 고지방식 : 1)계기판 사진전송 2)보험개발원 조회를 통한 직전계약 최종 주행거리정보 확인③ 차종  : 개인 승용④ 보험기간 : 1년(단, 추가가입과 동일증권 추가 시 3개월 이상)⑤ 피보험자 연령 : 만30세 이상",대면/TM/CM/플랫폼,"대인1/대인2/대물/
자손/무보험/자차",21.0
마일리지(후정산형)할인,DB손해보험,주행거리 후할인 특별약관,"▶ ① 주행거리 : 보험기간 동안 7,000Km 초과 - 8,000Km 이하② 고지방식 : 1)계기판 사진전송 2)보험개발원 조회를 통한 직전계약 최종 주행거리정보 확인③ 차종  : 개인 승용④ 보험기간 : 1년(단, 추가가입과 동일증권 추가 시 3개월 이상)⑤ 피보험자 연령 : 만30세 이상",대면/TM/CM/플랫폼,"대인1/대인2/대물/
자손/무보험/자차",20.0
마일리지(후정산형)할인,DB손해보험,주행거리 후할인 특별약관,"▶ ① 주행거리 : 보험기간 동안 8,000Km 초과 - 9,000Km 이하② 고지방식 : 1)계기판 사진전송 2)보험개발원 조회를 통한 직전계약 최종 주행거리정보 확인③ 차종  : 개인 승용④ 보험기간 : 1년(단, 추가가입과 동일증권 추가 시 3개월 이상)⑤ 피보험자 연령 : 만30세 이상",대면/TM/CM/플랫폼,"대인1/대인2/대물/
자손/무보험/자차",18.0
마일리지(후정산형)할인,DB손해보험,주행거리 후할인 특별약관,"▶ ① 주행거리 : 보험기간 동안 9,000Km 초과 - 10,000Km 이하② 고지방식 : 1)계기판 사진전송 2)보험개발원 조회를 통한 직전계약 최종 주행거리정보 확인③ 차종  : 개인 승용④ 보험기간 : 1년(단, 추가가입과 동일증권 추가 시 3개월 이상)⑤ 피보험자 연령 : 만30세 이상",대면/TM/CM/플랫폼,"대인1/대인2/대물/
자손/무보험/자차",17.0
마일리지(후정산형)할인,DB손해보험,주행거리 후할인 특별약관,"▶ ① 주행거리 : 보험기간 동안 10,000Km 초과 - 12,000Km 이하② 고지방식 : 1)계기판 사진전송 2)보험개발원 조회를 통한 직전계약 최종 주행거리정보 확인③ 차종  : 개인 승용④ 보험기간 : 1년(단, 추가가입과 동일증권 추가 시 3개월 이상)⑤ 피보험자 연령 : 만30세 이상",대면/TM/CM/플랫폼,"대인1/대인2/대물/
자손/무보험/자차",11.0
마일리지(후정산형)할인,DB손해보험,주행거리 후할인 특별약관,"▶ ① 주행거리 : 보험기간 동안 12,000Km 초과 - 15,000Km 이하② 고지방식 : 1)계기판 사진전송 2)보험개발원 조회를 통한 직전계약 최종 주행거리정보 확인③ 차종  : 개인 승용④ 보험기간 : 1년(단, 추가가입과 동일증권 추가 시 3개월 이상)⑤ 피보험자 연령 : 만30세 이상",대면/TM/CM/플랫폼,"대인1/대인2/대물/
자손/무보험/자차",8.0
마일리지(후정산형)할인,DB손해보험,주행거리 후할인 특별약관,"▶ ① 주행거리 : 보험기간 동안 1,000Km 이하② 고지방식 : 1)계기판 사진전송 2)보험개발원 조회를 통한 직전계약 최종 주행거리정보 확인③ 차종  : 수소, 전기차④ 보험기간 : 1년(단, 추가가입과 동일증권 추가 시 3개월 이상)⑤ 피보험자 연령 : 만30세 이상",대면/TM/CM/플랫폼,"대인1/대인2/대물/
자손/무보험/자차",44.0
마일리지(후정산형)할인,DB손해보험,주행거리 후할인 특별약관,"▶ ① 주행거리 : 보험기간 동안 1,000Km 초과 - 2,000Km 이하② 고지방식 : 1)계기판 사진전송 2)보험개발원 조회를 통한 직전계약 최종 주행거리정보 확인③ 차종  : 수소, 전기차④ 보험기간 : 1년(단, 추가가입과 동일증권 추가 시 3개월 이상)⑤ 피보험자 연령 : 만30세 이상",대면/TM/CM/플랫폼,"대인1/대인2/대물/
자손/무보험/자차",37.0
마일리지(후정산형)할인,DB손해보험,주행거리 후할인 특별약관,"▶ ① 주행거리 : 보험기간 동안 2,000Km 초과 - 3,000Km 이하② 고지방식 : 1)계기판 사진전송 2)보험개발원 조회를 통한 직전계약 최종 주행거리정보 확인③ 차종  : 수소, 전기차④ 보험기간 : 1년(단, 추가가입과 동일증권 추가 시 3개월 이상)⑤ 피보험자 연령 : 만30세 이상",대면/TM/CM/플랫폼,"대인1/대인2/대물/
자손/무보험/자차",30.0
마일리지(후정산형)할인,DB손해보험,주행거리 후할인 특별약관,"▶ ① 주행거리 : 보험기간 동안 3,000Km 초과 - 4,000Km 이하② 고지방식 : 1)계기판 사진전송 2)보험개발원 조회를 통한 직전계약 최종 주행거리정보 확인③ 차종  : 수소, 전기차④ 보험기간 : 1년(단, 추가가입과 동일증권 추가 시 3개월 이상)⑤ 피보험자 연령 : 만30세 이상",대면/TM/CM/플랫폼,"대인1/대인2/대물/
자손/무보험/자차",28.0
마일리지(후정산형)할인,DB손해보험,주행거리 후할인 특별약관,"▶ ① 주행거리 : 보험기간 동안 4,000Km 초과 - 5,000Km 이하② 고지방식 : 1)계기판 사진전송 2)보험개발원 조회를 통한 직전계약 최종 주행거리정보 확인③ 차종  : 수소, 전기차④ 보험기간 : 1년(단, 추가가입과 동일증권 추가 시 3개월 이상)⑤ 피보험자 연령 : 만30세 이상",대면/TM/CM/플랫폼,"대인1/대인2/대물/
자손/무보험/자차",27.0
마일리지(후정산형)할인,DB손해보험,주행거리 후할인 특별약관,"▶ ① 주행거리 : 보험기간 동안 5,000Km 초과 - 6,000Km 이하② 고지방식 : 1)계기판 사진전송 2)보험개발원 조회를 통한 직전계약 최종 주행거리정보 확인③ 차종  : 수소, 전기차④ 보험기간 : 1년(단, 추가가입과 동일증권 추가 시 3개월 이상)⑤ 피보험자 연령 : 만30세 이상",대면/TM/CM/플랫폼,"대인1/대인2/대물/
자손/무보험/자차",25.0
마일리지(후정산형)할인,DB손해보험,주행거리 후할인 특별약관,"▶ ① 주행거리 : 보험기간 동안 6,000Km 초과 - 7,000Km 이하② 고지방식 : 1)계기판 사진전송 2)보험개발원 조회를 통한 직전계약 최종 주행거리정보 확인③ 차종  : 수소, 전기차④ 보험기간 : 1년(단, 추가가입과 동일증권 추가 시 3개월 이상)⑤ 피보험자 연령 : 만30세 이상",대면/TM/CM/플랫폼,"대인1/대인2/대물/
자손/무보험/자차",24.0
마일리지(후정산형)할인,DB손해보험,주행거리 후할인 특별약관,"▶ ① 주행거리 : 보험기간 동안 7,000Km 초과 - 8,000Km 이하② 고지방식 : 1)계기판 사진전송 2)보험개발원 조회를 통한 직전계약 최종 주행거리정보 확인③ 차종  : 수소, 전기차④ 보험기간 : 1년(단, 추가가입과 동일증권 추가 시 3개월 이상)⑤ 피보험자 연령 : 만30세 이상",대면/TM/CM/플랫폼,"대인1/대인2/대물/
자손/무보험/자차",22.0
마일리지(후정산형)할인,DB손해보험,주행거리 후할인 특별약관,"▶ ① 주행거리 : 보험기간 동안 8,000Km 초과 - 9,000Km 이하② 고지방식 : 1)계기판 사진전송 2)보험개발원 조회를 통한 직전계약 최종 주행거리정보 확인③ 차종  : 수소, 전기차④ 보험기간 : 1년(단, 추가가입과 동일증권 추가 시 3개월 이상)⑤ 피보험자 연령 : 만30세 이상",대면/TM/CM/플랫폼,"대인1/대인2/대물/
자손/무보험/자차",21.0
마일리지(후정산형)할인,DB손해보험,주행거리 후할인 특별약관,"▶ ① 주행거리 : 보험기간 동안 9,000Km 초과 - 10,000Km 이하② 고지방식 : 1)계기판 사진전송 2)보험개발원 조회를 통한 직전계약 최종 주행거리정보 확인③ 차종  : 수소, 전기차④ 보험기간 : 1년(단, 추가가입과 동일증권 추가 시 3개월 이상)⑤ 피보험자 연령 : 만30세 이상",대면/TM/CM/플랫폼,"대인1/대인2/대물/
자손/무보험/자차",20.0
마일리지(후정산형)할인,DB손해보험,주행거리 후할인 특별약관,"▶ ① 주행거리 : 보험기간 동안 10,000Km 초과 - 12,000Km 이하② 고지방식 : 1)계기판 사진전송 2)보험개발원 조회를 통한 직전계약 최종 주행거리정보 확인③ 차종  : 수소, 전기차④ 보험기간 : 1년(단, 추가가입과 동일증권 추가 시 3개월 이상)⑤ 피보험자 연령 : 만30세 이상",대면/TM/CM/플랫폼,"대인1/대인2/대물/
자손/무보험/자차",14.0
마일리지(후정산형)할인,DB손해보험,주행거리 후할인 특별약관,"▶ ① 주행거리 : 보험기간 동안 12,000Km 초과 - 15,000Km 이하② 고지방식 : 1)계기판 사진전송 2)보험개발원 조회를 통한 직전계약 최종 주행거리정보 확인③ 차종  : 수소, 전기차④ 보험기간 : 1년(단, 추가가입과 동일증권 추가 시 3개월 이상)⑤ 피보험자 연령 : 만30세 이상",대면/TM/CM/플랫폼,"대인1/대인2/대물/
자손/무보험/자차",12.0
마일리지(후정산형)할인,AXA손해보험,마일리지(후할인) 특별약관,"▶ ① 주행거리 조건 : 2,000Km 이하② 고지방식 조건 : 제한없음③ 차종 조건 : 전 차종(전기차, 수소차, 하이브리드 차량 외)④ 보험기간 조건 : 1년","TM, CM","대인1, 대인2, 대물, 자손, 무보험차상해, 자차",40.2
마일리지(후정산형)할인,AXA손해보험,마일리지(후할인) 특별약관,"▶ ① 주행거리 조건 : 2,000Km 이하② 고지방식 조건 : 제한없음③ 차종 조건 : 전기차, 수소차, 하이브리드 차량④ 보험기간 조건 : 1년","TM, CM","대인1, 대인2, 대물, 자손, 무보험차상해, 자차",49.0
마일리지(후정산형)할인,AXA손해보험,마일리지(후할인) 특별약관,"▶ ① 주행거리 조건 : 3,000Km 이하② 고지방식 조건 : 제한없음③ 차종 조건 : 전 차종(전기차, 수소차, 하이브리드 차량 외)④ 보험기간 조건 : 1년","TM, CM","대인1, 대인2, 대물, 자손, 무보험차상해, 자차",33.7
마일리지(후정산형)할인,AXA손해보험,마일리지(후할인) 특별약관,"▶ ① 주행거리 조건 : 3,000Km 이하② 고지방식 조건 : 제한없음③ 차종 조건 : 전기차, 수소차, 하이브리드 차량④ 보험기간 조건 : 1년","TM, CM","대인1, 대인2, 대물, 자손, 무보험차상해, 자차",43.4
마일리지(후정산형)할인,AXA손해보험,마일리지(후할인) 특별약관,"▶ ① 주행거리 조건 : 5,000Km 이하② 고지방식 조건 : 제한없음③ 차종 조건 : 전 차종(전기차, 수소차, 하이브리드 차량 외)④ 보험기간 조건 : 1년","TM, CM","대인1, 대인2, 대물, 자손, 무보험차상해, 자차",30.9
마일리지(후정산형)할인,AXA손해보험,마일리지(후할인) 특별약관,"▶ ① 주행거리 조건 : 5,000Km 이하② 고지방식 조건 : 제한없음③ 차종 조건 : 전기차, 수소차, 하이브리드 차량④ 보험기간 조건 : 1년","TM, CM","대인1, 대인2, 대물, 자손, 무보험차상해, 자차",41.0
마일리지(후정산형)할인,AXA손해보험,마일리지(후할인) 특별약관,"▶ ① 주행거리 조건 : 7,000Km 이하② 고지방식 조건 : 제한없음③ 차종 조건 : 전 차종(전기차, 수소차, 하이브리드 차량 외)④ 보험기간 조건 : 1년","TM, CM","대인1, 대인2, 대물, 자손, 무보험차상해, 자차",26.0
마일리지(후정산형)할인,AXA손해보험,마일리지(후할인) 특별약관,"▶ ① 주행거리 조건 : 7,000Km 이하② 고지방식 조건 : 제한없음③ 차종 조건 : 전기차, 수소차, 하이브리드 차량④ 보험기간 조건 : 1년","TM, CM","대인1, 대인2, 대물, 자손, 무보험차상해, 자차",36.9
마일리지(후정산형)할인,AXA손해보험,마일리지(후할인) 특별약관,"▶ ① 주행거리 조건 : 9,000Km 이하② 고지방식 조건 : 제한없음③ 차종 조건 : 전 차종(전기차, 수소차, 하이브리드 차량 외)④ 보험기간 조건 : 1년","TM, CM","대인1, 대인2, 대물, 자손, 무보험차상해, 자차",21.3
마일리지(후정산형)할인,AXA손해보험,마일리지(후할인) 특별약관,"▶ ① 주행거리 조건 : 9,000Km 이하② 고지방식 조건 : 제한없음③ 차종 조건 : 전기차, 수소차, 하이브리드 차량④ 보험기간 조건 : 1년","TM, CM","대인1, 대인2, 대물, 자손, 무보험차상해, 자차",32.9
마일리지(후정산형)할인,AXA손해보험,마일리지(후할인) 특별약관,"▶ ① 주행거리 조건 : 12,000Km 이하② 고지방식 조건 : 제한없음③ 차종 조건 : 전 차종(전기차, 수소차, 하이브리드 차량 외)④ 보험기간 조건 : 1년","TM, CM","대인1, 대인2, 대물, 자손, 무보험차상해, 자차",14.1
마일리지(후정산형)할인,AXA손해보험,마일리지(후할인) 특별약관,"▶ ① 주행거리 조건 : 12,000Km 이하② 고지방식 조건 : 제한없음③ 차종 조건 : 전기차, 수소차, 하이브리드 차량④ 보험기간 조건 : 1년","TM, CM","대인1, 대인2, 대물, 자손, 무보험차상해, 자차",26.7
마일리지(후정산형)할인,AXA손해보험,마일리지(후할인) 특별약관,"▶ ① 주행거리 조건 : 15,000Km 이하② 고지방식 조건 : 제한없음③ 차종 조건 : 전 차종(전기차, 수소차, 하이브리드 차량 외)④ 보험기간 조건 : 1년","TM, CM","대인1, 대인2, 대물, 자손, 무보험차상해, 자차",12.1
마일리지(후정산형)할인,AXA손해보험,마일리지(후할인) 특별약관,"▶ ① 주행거리 조건 : 15,000Km 이하② 고지방식 조건 : 제한없음③ 차종 조건 : 전기차, 수소차, 하이브리드 차량④ 보험기간 조건 : 1년","TM, CM","대인1, 대인2, 대물, 자손, 무보험차상해, 자차",25.0
마일리지(후정산형)할인,AXA손해보험,마일리지(후할인) 특별약관,"▶ ① 주행거리 조건 : 18,000Km 이하② 고지방식 조건 : 제한없음③ 차종 조건 : 전 차종(전기차, 수소차, 하이브리드 차량 외)④ 보험기간 조건 : 1년","TM, CM","대인1, 대인2, 대물, 자손, 무보험차상해, 자차",3.4
마일리지(후정산형)할인,AXA손해보험,마일리지(후할인) 특별약관,"▶ ① 주행거리 조건 : 18,000Km 이하② 고지방식 조건 : 제한없음③ 차종 조건 : 전기차, 수소차, 하이브리드 차량④ 보험기간 조건 : 1년","TM, CM","대인1, 대인2, 대물, 자손, 무보험차상해, 자차",17.6
마일리지(후정산형)할인,AXA손해보험,마일리지(후할인) 특별약관,"▶ ① 주행거리 조건 : 23,000Km 이하② 고지방식 조건 : 제한없음③ 차종 조건 : 전 차종(전기차, 수소차, 하이브리드 차량 외)④ 보험기간 조건 : 1년","TM, CM","대인1, 대인2, 대물, 자손, 무보험차상해, 자차",1.6
마일리지(후정산형)할인,AXA손해보험,마일리지(후할인) 특별약관,"▶ ① 주행거리 조건 : 23,000Km 이하② 고지방식 조건 : 제한없음③ 차종 조건 : 전기차, 수소차, 하이브리드 차량④ 보험기간 조건 : 1년","TM, CM","대인1, 대인2, 대물, 자손, 무보험차상해, 자차",16.1
마일리지(후정산형)할인,하나손해보험,마일리지 특별약관(후할인),"▶ ① 주행거리 : 연간 1,000km 이하② 고지방식 : 차량번호판 및 계기판 사진전송③ 차종 : 전 차종④ 보험기간 : 1년 이상(동일증권인 경우 3개월 이상)",대면/TM/CM/PM,"대인1, 대인2, 대물, 자손, 무보험차상해, 자차",42.0
마일리지(후정산형)할인,하나손해보험,마일리지 특별약관(후할인),"▶ ① 주행거리 : 연간 1,000km 초과 2,000km 이하② 고지방식 : 차량번호판 및 계기판 사진전송③ 차종 : 전 차종④ 보험기간 : 1년 이상(동일증권인 경우 3개월 이상)",대면/TM/CM/PM,"대인1, 대인2, 대물, 자손, 무보험차상해, 자차",38.0
마일리지(후정산형)할인,하나손해보험,마일리지 특별약관(후할인),"▶ ① 주행거리 : 연간 2,000km 초과 3,000km 이하② 고지방식 : 차량번호판 및 계기판 사진전송③ 차종 : 전 차종④ 보험기간 : 1년 이상(동일증권인 경우 3개월 이상)",대면/TM/CM/PM,"대인1, 대인2, 대물, 자손, 무보험차상해, 자차",37.0
마일리지(후정산형)할인,하나손해보험,마일리지 특별약관(후할인),"▶ ① 주행거리 : 연간 3,000km 초과 5,000km 이하② 고지방식 : 차량번호판 및 계기판 사진전송③ 차종 : 전 차종④ 보험기간 : 1년 이상(동일증권인 경우 3개월 이상)",대면/TM/CM/PM,"대인1, 대인2, 대물, 자손, 무보험차상해, 자차",30.0
마일리지(후정산형)할인,하나손해보험,마일리지 특별약관(후할인),"▶ ① 주행거리 : 연간 5,000km 초과 7,000km 이하② 고지방식 : 차량번호판 및 계기판 사진전송③ 차종 : 전 차종④ 보험기간 : 1년 이상(동일증권인 경우 3개월 이상)",대면/TM/CM/PM,"대인1, 대인2, 대물, 자손, 무보험차상해, 자차",25.0
마일리지(후정산형)할인,하나손해보험,마일리지 특별약관(후할인),"▶ ① 주행거리 : 연간 7,000km 초과 10,000km 이하② 고지방식 : 차량번호판 및 계기판 사진전송③ 차종 : 전 차종④ 보험기간 : 1년 이상(동일증권인 경우 3개월 이상)",대면/TM/CM/PM,"대인1, 대인2, 대물, 자손, 무보험차상해, 자차",23.0
마일리지(후정산형)할인,하나손해보험,마일리지 특별약관(후할인),"▶ ① 주행거리 : 연간 10,000km 초과 12,000km 이하② 고지방식 : 차량번호판 및 계기판 사진전송③ 차종 : 전 차종④ 보험기간 : 1년 이상(동일증권인 경우 3개월 이상)",대면/TM/CM/PM,"대인1, 대인2, 대물, 자손, 무보험차상해, 자차",14.0
마일리지(후정산형)할인,하나손해보험,마일리지 특별약관(후할인),"▶ ① 주행거리 : 연간 12,000km 초과 15,000km 이하② 고지방식 : 차량번호판 및 계기판 사진전송③ 차종 : 전 차종④ 보험기간 : 1년 이상(동일증권인 경우 3개월 이상)",대면/TM/CM/PM,"대인1, 대인2, 대물, 자손, 무보험차상해, 자차",6.0
마일리지(후정산형)할인,캐롯손해보험,캐롯 주행거리 할인 특별약관,"① 주행거리 : 1,000Km 이하② 고지방식 : 계기판 사진전송③ 차종 : 전 차종④ 보험기간 : 1년(단, 동일증권 추가시 3개월 이상)",CM/PM,대인1/대인2/대물/자손/무보험/자차,45.4
마일리지(후정산형)할인,캐롯손해보험,캐롯 주행거리 할인 특별약관,"① 주행거리 : 2,000Km 이하② 고지방식 : 계기판 사진전송③ 차종 : 전 차종④ 보험기간 : 1년(단, 동일증권 추가시 3개월 이상)",CM/PM,대인1/대인2/대물/자손/무보험/자차,42.3
마일리지(후정산형)할인,캐롯손해보험,캐롯 주행거리 할인 특별약관,"① 주행거리 : 3,000Km 이하② 고지방식 : 계기판 사진전송③ 차종 : 전 차종④ 보험기간 : 1년(단, 동일증권 추가시 3개월 이상)",CM/PM,대인1/대인2/대물/자손/무보험/자차,39.2
마일리지(후정산형)할인,캐롯손해보험,캐롯 주행거리 할인 특별약관,"① 주행거리 : 4,000Km 이하② 고지방식 : 계기판 사진전송③ 차종 : 전 차종④ 보험기간 : 1년(단, 동일증권 추가시 3개월 이상)",CM/PM,대인1/대인2/대물/자손/무보험/자차,36.0
마일리지(후정산형)할인,캐롯손해보험,캐롯 주행거리 할인 특별약관,"① 주행거리 : 5,000Km 이하② 고지방식 : 계기판 사진전송③ 차종 : 전 차종④ 보험기간 : 1년(단, 동일증권 추가시 3개월 이상)",CM/PM,대인1/대인2/대물/자손/무보험/자차,32.9
마일리지(후정산형)할인,캐롯손해보험,캐롯 주행거리 할인 특별약관,"① 주행거리 : 6,000Km 이하② 고지방식 : 계기판 사진전송③ 차종 : 전 차종④ 보험기간 : 1년(단, 동일증권 추가시 3개월 이상)",CM/PM,대인1/대인2/대물/자손/무보험/자차,29.8
마일리지(후정산형)할인,캐롯손해보험,캐롯 주행거리 할인 특별약관,"① 주행거리 : 7,000Km 이하② 고지방식 : 계기판 사진전송③ 차종 : 전 차종④ 보험기간 : 1년(단, 동일증권 추가시 3개월 이상)",CM/PM,대인1/대인2/대물/자손/무보험/자차,26.6
마일리지(후정산형)할인,캐롯손해보험,캐롯 주행거리 할인 특별약관,"① 주행거리 : 8,000Km 이하② 고지방식 : 계기판 사진전송③ 차종 : 전 차종④ 보험기간 : 1년(단, 동일증권 추가시 3개월 이상)",CM/PM,대인1/대인2/대물/자손/무보험/자차,23.5
마일리지(후정산형)할인,캐롯손해보험,캐롯 주행거리 할인 특별약관,"① 주행거리 : 9,000Km 이하② 고지방식 : 계기판 사진전송③ 차종 : 전 차종④ 보험기간 : 1년(단, 동일증권 추가시 3개월 이상)",CM/PM,대인1/대인2/대물/자손/무보험/자차,20.4
마일리지(후정산형)할인,캐롯손해보험,캐롯 주행거리 할인 특별약관,"① 주행거리 : 10,000Km 이하② 고지방식 : 계기판 사진전송③ 차종 : 전 차종④ 보험기간 : 1년(단, 동일증권 추가시 3개월 이상)",CM/PM,대인1/대인2/대물/자손/무보험/자차,17.2
마일리지(후정산형)할인,캐롯손해보험,캐롯 주행거리 할인 특별약관,"① 주행거리 : 11,000Km 이하② 고지방식 : 계기판 사진전송③ 차종 : 전 차종④ 보험기간 : 1년(단, 동일증권 추가시 3개월 이상)",CM/PM,대인1/대인2/대물/자손/무보험/자차,14.1
마일리지(후정산형)할인,캐롯손해보험,캐롯 주행거리 할인 특별약관,"① 주행거리 : 12,000Km 이하② 고지방식 : 계기판 사진전송③ 차종 : 전 차종④ 보험기간 : 1년(단, 동일증권 추가시 3개월 이상)",CM/PM,대인1/대인2/대물/자손/무보험/자차,11.0
마일리지(후정산형)할인,캐롯손해보험,캐롯 주행거리 할인 특별약관,"① 주행거리 : 13,000Km 이하② 고지방식 : 계기판 사진전송③ 차종 : 전 차종④ 보험기간 : 1년(단, 동일증권 추가시 3개월 이상)",CM/PM,대인1/대인2/대물/자손/무보험/자차,7.8
마일리지(후정산형)할인,캐롯손해보험,캐롯 주행거리 할인 특별약관,"① 주행거리 : 14,000Km 이하② 고지방식 : 계기판 사진전송③ 차종 : 전 차종④ 보험기간 : 1년(단, 동일증권 추가시 3개월 이상)",CM/PM,대인1/대인2/대물/자손/무보험/자차,4.7
마일리지(후정산형)할인,캐롯손해보험,캐롯 주행거리 할인 특별약관,"① 주행거리 : 15,000Km 이하② 고지방식 : 계기판 사진전송③ 차종 : 전 차종④ 보험기간 : 1년(단, 동일증권 추가시 3개월 이상)",CM/PM,대인1/대인2/대물/자손/무보험/자차,1.6
차선이탈경고(방지)장치할인,메리츠화재보험,차선이탈 경고장치 할인 특별약관,▶ ① 최초 출고시 자동차 제조업체의 표준 또는 선택장치로서 차선이탈 경고장치 장착② 차령 조건 : 신차③ 전 차종,대면/TM/CM/PM,대인1/대인2/대물/자손/무보험/자차,9.3
차선이탈경고(방지)장치할인,메리츠화재보험,차선이탈 경고장치 할인 특별약관,▶ ① 최초 출고시 자동차 제조업체의 표준 또는 선택장치로서 차선이탈 경고장치 장착② 차령 조건 : 1년 이상 - 4년 이하③ 전 차종,대면/TM/CM/PM,대인1/대인2/대물/자손/무보험/자차,5.6
차선이탈경고(방지)장치할인,메리츠화재보험,차선이탈 경고장치 할인 특별약관,▶ ① 최초 출고시 자동차 제조업체의 표준 또는 선택장치로서 차선이탈 경고장치 장착② 차령 조건 : 5년 이상③ 전 차종,대면/TM/CM/PM,대인1/대인2/대물/자손/무보험/자차,1.7
차선이탈경고(방지)장치할인,한화손해보험,차선이탈 경고장치 장착 할인 특별약관,"▶ ① 차선이탈 경고장치(LDWS,LKAS)를 출고시에 장착한 경우② 차령 조건 : 1년이하③ 차종 조건 : 전 차종④ 전방충돌 방지장치가 장착된 상태로 출고","대면, TM","대인1, 대인2, 대물, 자손, 무보험차상해",13.0
차선이탈경고(방지)장치할인,한화손해보험,차선이탈 경고장치 장착 할인 특별약관,"▶ ① 차선이탈 경고장치(LDWS,LKAS)를 출고시에 장착한 경우② 차령 조건 : 2년이상③ 차종 조건 : 전 차종④ 전방충돌 방지장치가 장착된 상태로 출고","대면, TM","대인1, 대인2, 대물, 자손, 무보험차상해",6.0
차선이탈경고(방지)장치할인,한화손해보험,차선이탈 경고장치 장착 할인 특별약관,"▶ ① 차선이탈 경고장치(LDWS,LKAS)를 출고시에 장착한 경우② 차령 조건 : 1년이하③ 차종 조건 : 전 차종④ 전방충돌 방지장치가 장착되지 않은 상태로 출고","대면, TM","대인1, 대인2, 대물, 자손, 무보험차상해",8.0
차선이탈경고(방지)장치할인,한화손해보험,차선이탈 경고장치 장착 할인 특별약관,"▶ ① 차선이탈 경고장치(LDWS,LKAS)를 출고시에 장착한 경우② 차령 조건 : 2년이상③ 차종 조건 : 전 차종④ 전방충돌 방지장치가 장착되지 않은 상태로 출고","대면, TM","대인1, 대인2, 대물, 자손, 무보험차상해",1.0
차선이탈경고(방지)장치할인,롯데손해보험,차선이탈방지장치 장착할인특별약관,▶ ① 차선유지지원장치(LKAS) 또는 차선이탈경고장지(LDWS)를 최초 출고시(기본 또는 옵션) 장착② 전 차령③ 전 차종,대면/TM/CM/PM,대인1/대인2/대물/자손/무보험/자차,4.6
차선이탈경고(방지)장치할인,MG손해보험,차선이탈방지장치 장착에 관한 특별약관,"▶ ① 장치 : 차선이탈 경고장치가 최초 출고시 장착(기본 또는 옵션)된 차량② 차령 : 전 차령③ 차종 : 전 차종④ 고지방식 : 차량번호판 사진 및 계기판 또는 작동버튼 사진전송단, 사진전송은 기본 부속으로 장착된 차량은 제외",대면/TM/CM,대인1/대인2/대물/자손/무보험/자차,3.0
차선이탈경고(방지)장치할인,흥국화재해상보험,차선이탈 경고장치 장착 할인 특별약관,"▶ ① 장치 : 차선이탈 경고장치(LDWS,LKAS)를 최초 출고시 장착(기본 또는 옵션)한 차량② 차령 조건 : 전 차령③ 차종 조건 : 전 차종",대면/TM/CM/PM,대인1/대인2/대물/자손/무보험,5.0
차선이탈경고(방지)장치할인,흥국화재해상보험,차선이탈 경고장치 장착 할인 특별약관,"▶ ① 장치 : 차선이탈 경고장치(LDWS,LKAS)를 최초 출고시 장착(기본 또는 옵션)한 차량② 차령 조건 : 전 차령③ 차종 조건 : 전 차종",대면/TM/CM/PM,자차,2.0
차선이탈경고(방지)장치할인,삼성화재해상보험,첨단안전장치 장착차량 할인 특별약관,▶ ① 해당장치 명칭 및 장착관련 조건 : 차선이탈경고장치 또는 차선유지지원장치를 최초 출고 시 장착한 경우② 차령 조건 : 2년이하③ 차종 조건 : 전 차종④ 출고 시 전방충돌방지장치 미장착,"대면, TM, CM, 플랫폼","대인1, 대인2, 대물, 자손, 무보험",5.4
차선이탈경고(방지)장치할인,삼성화재해상보험,첨단안전장치 장착차량 할인 특별약관,▶ ① 해당장치 명칭 및 장착관련 조건 : 차선이탈경고장치 또는 차선유지지원장치를 최초 출고 시 장착한 경우② 차령 조건 : 2년이하③ 차종 조건 : 전 차종④ 출고 시 전방충돌방지장치 미장착,"대면, TM, CM, 플랫폼",자차,0.1
차선이탈경고(방지)장치할인,삼성화재해상보험,첨단안전장치 장착차량 할인 특별약관,▶ ① 해당장치 명칭 및 장착관련 조건 : 차선이탈경고장치 또는 차선유지지원장치를 최초 출고 시 장착한 경우② 차령 조건 : 3년이상 5년이하③ 차종 조건 : 전 차종④ 출고 시 전방충돌방지장치 미장착,"대면, TM, CM, 플랫폼","대인1, 대인2, 대물, 자손, 무보험",14.0
차선이탈경고(방지)장치할인,삼성화재해상보험,첨단안전장치 장착차량 할인 특별약관,▶ ① 해당장치 명칭 및 장착관련 조건 : 차선이탈경고장치 또는 차선유지지원장치를 최초 출고 시 장착한 경우② 차령 조건 : 3년이상 5년이하③ 차종 조건 : 전 차종④ 출고 시 전방충돌방지장치 미장착,"대면, TM, CM, 플랫폼",자차,10.1
차선이탈경고(방지)장치할인,삼성화재해상보험,첨단안전장치 장착차량 할인 특별약관,▶ ① 해당장치 명칭 및 장착관련 조건 : 차선이탈경고장치 또는 차선유지지원장치를 최초 출고 시 장착한 경우② 차령 조건 : 6년이상③ 차종 조건 : 전 차종④ 출고 시 전방충돌방지장치 미장착,"대면, TM, CM, 플랫폼","대인1, 대인2, 대물, 자손, 무보험",0.1
차선이탈경고(방지)장치할인,삼성화재해상보험,첨단안전장치 장착차량 할인 특별약관,▶ ① 해당장치 명칭 및 장착관련 조건 : 차선이탈경고장치 또는 차선유지지원장치를 최초 출고 시 장착한 경우② 차령 조건 : 6년이상③ 차종 조건 : 전 차종④ 출고 시 전방충돌방지장치 미장착,"대면, TM, CM, 플랫폼",자차,1.8
차선이탈경고(방지)장치할인,삼성화재해상보험,첨단안전장치 장착차량 할인 특별약관,▶ ① 해당장치 명칭 및 장착관련 조건 : 차선이탈경고장치 또는 차선유지지원장치를 최초 출고 시 장착한 경우② 차령 조건 : 2년이하③ 차종 조건 : 전 차종④ 출고 시 전방충돌방지장치 장착,"대면, TM, CM, 플랫폼","대인1, 대인2, 대물, 자손, 무보험",8.5
차선이탈경고(방지)장치할인,삼성화재해상보험,첨단안전장치 장착차량 할인 특별약관,▶ ① 해당장치 명칭 및 장착관련 조건 : 차선이탈경고장치 또는 차선유지지원장치를 최초 출고 시 장착한 경우② 차령 조건 : 2년이하③ 차종 조건 : 전 차종④ 출고 시 전방충돌방지장치 장착,"대면, TM, CM, 플랫폼",자차,0.2
차선이탈경고(방지)장치할인,삼성화재해상보험,첨단안전장치 장착차량 할인 특별약관,▶ ① 해당장치 명칭 및 장착관련 조건 : 차선이탈경고장치 또는 차선유지지원장치를 최초 출고 시 장착한 경우② 차령 조건 : 3년이상 5년이하③ 차종 조건 : 전 차종④ 출고 시 전방충돌방지장치 장착,"대면, TM, CM, 플랫폼","대인1, 대인2, 대물, 자손, 무보험",14.1
차선이탈경고(방지)장치할인,삼성화재해상보험,첨단안전장치 장착차량 할인 특별약관,▶ ① 해당장치 명칭 및 장착관련 조건 : 차선이탈경고장치 또는 차선유지지원장치를 최초 출고 시 장착한 경우② 차령 조건 : 3년이상 5년이하③ 차종 조건 : 전 차종④ 출고 시 전방충돌방지장치 장착,"대면, TM, CM, 플랫폼",자차,10.2
차선이탈경고(방지)장치할인,삼성화재해상보험,첨단안전장치 장착차량 할인 특별약관,▶ ① 해당장치 명칭 및 장착관련 조건 : 차선이탈경고장치 또는 차선유지지원장치를 최초 출고 시 장착한 경우② 차령 조건 : 6년이상③ 차종 조건 : 전 차종④ 출고 시 전방충돌방지장치 장착,"대면, TM, CM, 플랫폼","대인1, 대인2, 대물, 자손, 무보험",8.4
차선이탈경고(방지)장치할인,삼성화재해상보험,첨단안전장치 장착차량 할인 특별약관,▶ ① 해당장치 명칭 및 장착관련 조건 : 차선이탈경고장치 또는 차선유지지원장치를 최초 출고 시 장착한 경우② 차령 조건 : 6년이상③ 차종 조건 : 전 차종④ 출고 시 전방충돌방지장치 장착,"대면, TM, CM, 플랫폼",자차,10.8
차선이탈경고(방지)장치할인,현대해상화재보험,차선이탈경고(방지)장치할인,▶ ① 장치 : 차선이탈 경고장치를 최초 출고시 장착(기본 또는 옵션)된 차량② 차령 : 신차③ 차종 : 전 차종,대면/TM/CM/플랫폼,대인1/대인2/대물/자손/무보험/자차,3.2
차선이탈경고(방지)장치할인,현대해상화재보험,차선이탈경고(방지)장치할인,▶ ① 장치 : 차선이탈 경고장치를 최초 출고시 장착(기본 또는 옵션)된 차량② 차령 : 3년이하③ 차종 : 전 차종,대면/TM/CM/플랫폼,대인1/대인2/대물/자손/무보험/자차,3.3
차선이탈경고(방지)장치할인,현대해상화재보험,차선이탈경고(방지)장치할인,▶ ① 장치 : 차선이탈 경고장치를 최초 출고시 장착(기본 또는 옵션)된 차량② 차령 : 4년이상③ 차종 : 전 차종,대면/TM/CM/플랫폼,대인1/대인2/대물/자손/무보험/자차,2.3
차선이탈경고(방지)장치할인,KB손해보험,첨단안전장치장착 특별약관,▶ ① 차선이탈경고장치(LDWS) 또는 차선유지지원장치(LKAS)가 장착된 상태로 출고② 신차③ 전차종④ 전방충돌방지장치가 장착된 상태로 출고,대면/TM/CM/PM,대인1/대인2/대물/자손/무보험/자차,7.8
차선이탈경고(방지)장치할인,KB손해보험,첨단안전장치장착 특별약관,▶ ① 차선이탈경고장치(LDWS) 또는 차선유지지원장치(LKAS)가 장착된 상태로 출고② 신차 외③ 전차종④ 전방충돌방지장치가 장착된 상태로 출고,대면/TM/CM/PM,대인1/대인2/대물/자손/무보험/자차,6.8
차선이탈경고(방지)장치할인,KB손해보험,첨단안전장치장착 특별약관,▶ ① 차선이탈경고장치(LDWS) 또는 차선유지지원장치(LKAS)가 장착된 상태로 출고② 신차③ 전차종④ 전방충돌방지장치가 장착되지 않은 상태로 출고,대면/TM/CM/PM,대인1/대인2/대물/자손/무보험/자차,4.9
차선이탈경고(방지)장치할인,KB손해보험,첨단안전장치장착 특별약관,▶ ① 차선이탈경고장치(LDWS) 또는 차선유지지원장치(LKAS)가 장착된 상태로 출고② 신차 외③ 전차종④ 전방충돌방지장치가 장착되지 않은 상태로 출고,대면/TM/CM/PM,대인1/대인2/대물/자손/무보험/자차,3.8
차선이탈경고(방지)장치할인,KB손해보험,첨단안전장치장착 특별약관,▶ ① 차선이탈경고장치(LDWS) 또는 차선유지지원장치(LKAS)가 장착되지 않은 상태로 출고② 신차③ 전차종④ 전방충돌방지장치가 장착된 상태로 출고,대면/TM/CM/PM,대인1/대인2/대물/자손/무보험/자차,4.9
차선이탈경고(방지)장치할인,KB손해보험,첨단안전장치장착 특별약관,▶ ① 차선이탈경고장치(LDWS) 또는 차선유지지원장치(LKAS)가 장착되지 않은 상태로 출고② 신차 외③ 전차종④ 전방충돌방지장치가 장착된 상태로 출고,대면/TM/CM/PM,대인1/대인2/대물/자손/무보험/자차,3.8
차선이탈경고(방지)장치할인,DB손해보험,차선이탈 경고장치에 관한 특별약관,▶ ① 최초 출고 시 피보험자동차에 차선이탈 경고장치를 장착(기본/옵션)한 경우② 차령 : 전 차령③ 차종 : 전 차종④ 옵션 장착인 경우 차선이탈경고장치가 장착되어 있음을 확인할 수 있는 사진 제출⑤ 피보험자 연령 : 만34세 이하,대면/TM/CM/플랫폼,"대인1/대인2/대물/
자손/무보험",4.0
차선이탈경고(방지)장치할인,DB손해보험,차선이탈 경고장치에 관한 특별약관,▶ ① 최초 출고 시 피보험자동차에 차선이탈 경고장치를 장착(기본/옵션)한 경우② 차령 : 전 차령③ 차종 : 전 차종④ 옵션 장착인 경우 차선이탈경고장치가 장착되어 있음을 확인할 수 있는 사진 제출⑤ 피보험자 연령 : 만35세 - 만59세,대면/TM/CM/플랫폼,"대인1/대인2/대물/
자손/무보험",3.5
차선이탈경고(방지)장치할인,DB손해보험,차선이탈 경고장치에 관한 특별약관,▶ ① 최초 출고 시 피보험자동차에 차선이탈 경고장치를 장착(기본/옵션)한 경우② 차령 : 전 차령③ 차종 : 전 차종④ 옵션 장착인 경우 차선이탈경고장치가 장착되어 있음을 확인할 수 있는 사진 제출⑤ 피보험자 연령 : 만60세 이상,대면/TM/CM/플랫폼,"대인1/대인2/대물/
자손/무보험",1.8
차선이탈경고(방지)장치할인,DB손해보험,차선이탈 경고장치에 관한 특별약관,▶ ① 최초 출고 시 피보험자동차에 차선이탈 경고장치를 장착(기본/옵션)한 경우② 차령 : 전 차령③ 차종 : 전 차종④ 옵션 장착인 경우 차선이탈경고장치가 장착되어 있음을 확인할 수 있는 사진 제출⑤ 피보험자 연령 : 만34세 이하,대면/TM/CM/플랫폼,자차,1.5
차선이탈경고(방지)장치할인,DB손해보험,차선이탈 경고장치에 관한 특별약관,▶ ① 최초 출고 시 피보험자동차에 차선이탈 경고장치를 장착(기본/옵션)한 경우② 차령 : 전 차령③ 차종 : 전 차종④ 옵션 장착인 경우 차선이탈경고장치가 장착되어 있음을 확인할 수 있는 사진 제출⑤ 피보험자 연령 : 만35세 - 만59세,대면/TM/CM/플랫폼,자차,1.4
차선이탈경고(방지)장치할인,DB손해보험,차선이탈 경고장치에 관한 특별약관,▶ ① 최초 출고 시 피보험자동차에 차선이탈 경고장치를 장착(기본/옵션)한 경우② 차령 : 전 차령③ 차종 : 전 차종④ 옵션 장착인 경우 차선이탈경고장치가 장착되어 있음을 확인할 수 있는 사진 제출⑤ 피보험자 연령 : 만60세 이상,대면/TM/CM/플랫폼,자차,0.7
차선이탈경고(방지)장치할인,AXA손해보험,차선이탈 경고장치 할인 특별약관,"▶ ① 피보험자동차가 차선이탈 경고장치가 장착되어 최초 출고된 차량이고, 해당 장치가 청약일 현재 정상적으로 작동 가능한 상태인 경우② 차령 조건 : 전 차령③ 차종 조건 : 전 차종","TM, CM","대인1, 대인2, 대물, 자손, 무보험차상해, 자차",3.2
차선이탈경고(방지)장치할인,하나손해보험,차로이탈방지장치 할인 특별약관,▶ ① 장치 : 최초 출고시 차로이탈방지장치를 장착한 경우② 차령 : 전 차령③ 차종 : 소형A 外 차종,대면/TM/CM/PM,"대인1, 대인2, 대물, 자손, 무보험차상해, 자차",7.1
차선이탈경고(방지)장치할인,캐롯손해보험,차선이탈 방지장치 장착 할인 특별약관,▶ ① 차선이탈경고장치(LDWS) 또는 차선유지지원장치(LKAS)가 최초 출고 시 장착된 경우② 차령 조건: 전차령③ 차종 조건: 전차종,CM/PM,대인1/대인2/대물/자손/무보험,5.0
차선이탈경고(방지)장치할인,캐롯손해보험,차선이탈 방지장치 장착 할인 특별약관,▶ ① 차선이탈경고장치(LDWS) 또는 차선유지지원장치(LKAS)가 최초 출고 시 장착된 경우② 차령 조건: 전차령③ 차종 조건: 전차종,CM/PM,자차,3.0
고령자안전교육이수할인,메리츠화재보험,시니어 안전운전자 우대 특별약관,"▶ ① 기명피보험자가 만 65세 이상② 부부운전자 한정운전 또는 기명피보험자 1인 한정운전 특별약관 가입③ 도로교통공단에서 실시하는 만 65세 이상 고령운전자 대상 교통안전교육 과정을 이수하고 인지지각 검사에 경계선(42점)군 이상으로 합격하거나, ‘인지능력 자가진단’ 결과지의 ‘운전능력검사결과표’ 종합 판정이 1∼3등급인 경우 (단, 온라인으로 실시되는 고령운전자 교통안전교육은 결과지의 인지능력 자가진단 결과가 「수료」등급인 경우에도 가입 가능합니다.)",대면/TM,대인1/대인2/대물/자손/무보험/자차,5.0
고령자안전교육이수할인,메리츠화재보험,시니어 안전운전자 우대 특별약관,"▶ ① 기명피보험자가 만 65세 이상② 부부운전자 한정운전 또는 기명피보험자 1인 한정운전 특별약관 가입③ 도로교통공단에서 실시하는 만 65세 이상 고령운전자 대상 온라인으로 실시되는 고령운전자 교통안전교육을 이수하고, 인지능력 자가진단 결과가 「수료」등급인 경우",대면/TM,대인1/대인2/대물/자손/무보험/자차,3.6
고령자안전교육이수할인,한화손해보험,실버 안전운전자 우대 특별약관,"▶ ① 기명피보험자가 만 65세이상② 부부운전자 한정운전 또는 기명피보험자1인 한정운전 특별약관 가입③ 도로교통공단에서 실시하는 만 65세 이상 고령운전자 대상 교통안전교육 과정을 이수하고 인지지각 검사에 경계선(42점)군 이상으로 합격하거나, ‘인지능력 자가진단’ 결과지의 ‘운전능력검사결과표’ 종합 판정이 1∼3등급인 경우","대면, TM","대인1, 대인2, 대물, 자손, 무보험차상해, 자차",5.0
고령자안전교육이수할인,한화손해보험,실버 안전운전자 우대 특별약관,▶ ① 기명피보험자가 만 65세이상② 부부운전자 한정운전 또는 기명피보험자1인 한정운전 특별약관 가입③ 도로교통공단에서 실시하는 만 65세 이상 고령운전자 대상 온라인 교통안전교육 과정을 이수하고 ‘인지능력 자가진단’ 결과지의 ‘운전능력검사결과표’ 종합 판정이 '수료'인 경우,"대면, TM","대인1, 대인2, 대물, 자손, 무보험차상해, 자차",3.6
고령자안전교육이수할인,롯데손해보험,시니어(Senior) 교통안전교육이수 할인특별약관,"▶ ① 기명피보험자가 만65세이상② 부부운전자 한정운전 또는 기명피보험자1인 한정운전 특별약관 가입③ 도로교통공단에서 실시하는 만65세 이상 고령운전자 대상 교통안전교육 과정을 이수하고 인지지각 검사에 경계선(42점)군 이상으로 합격하거나, '인지능력자가진단'결과지의'운전능력검사결과표'종합 판정이 1-3등급인 경우",대면/TM/CM/PM,대인1/대인2/대물/자손/무보험/자차,5.0
고령자안전교육이수할인,롯데손해보험,시니어(Senior) 교통안전교육이수 할인특별약관,▶ ① 기명피보험자가 만65세이상② 부부운전자 한정운전 또는 기명피보험자1인 한정운전 특별약관 가입③ 도로교통공단에서 실시하는 만65세 이상 고령운전자 대상 온라인 교통안전교육 과정을 이수하고 '인지능력자가진단'결과지의'운전능력검사결과표'종합 판정이 '수료'인 경우,대면/TM/CM/PM,대인1/대인2/대물/자손/무보험/자차,3.6
고령자안전교육이수할인,MG손해보험,시니어 교통안전교육 이수자 할인 특별약관,"▶ ① 기명피보험자가 만65세이상② 부부운전자 한정운전 또는 기명피보험자1인 한정운전 특별약관 가입③ 도로교통공단에서 실시하는 만65세이상 고령운전자 대상 교통안전교육 과정을 이수하고 인지지각 검사에 경계선(42점)군이상으로 합격하거나, '인지능력자가진단'결과지의 '운전능력검사표' 종합판정이 1-3등급인 경우",대면/TM,대인1/대인2/대물/자손/무보험/자차,5.0
고령자안전교육이수할인,MG손해보험,시니어 교통안전교육 이수자 할인 특별약관,▶ ① 기명피보험자가 만65세이상② 부부운전자 한정운전 또는 기명피보험자1인 한정운전 특별약관 가입③ 도로교통공단에서 실시하는 만65세이상 고령운전자 대상 온라인 교통안전교육 과정을 이수하고 교통안전교육 수료증 발급시 '인지능력자가진단'결과지의 '운전능력검사표' 「수료」 등급인 경우,대면/TM,대인1/대인2/대물/자손/무보험/자차,3.6
고령자안전교육이수할인,흥국화재해상보험,시니어 교통안전교육 이수 할인 특별약관,▶ ① 기명피보험자가 만65세이상② 부부운전자 한정운전 또는 기명피보험자 1인한정운전 특별약관 가입③ 도로교통공단에서 실시하는 만65세이상 고령운전자 대상 오프라인 교통안전교육 과정을 이수하고 ‘인지능력자가진단’ 결과지의 ‘운전능력검사결과표’ 종합판정이 1∼3등급인 경우,대면/TM/CM/PM,대인1/대인2/대물/자손/무보험/자차,5.0
고령자안전교육이수할인,흥국화재해상보험,시니어 교통안전교육 이수 할인 특별약관,▶ ① 기명피보험자가 만65세이상② 부부운전자 한정운전 또는 기명피보험자 1인한정운전 특별약관 가입③ 도로교통공단에서 실시하는 만65세이상 고령운전자 대상 온라인 교통안전교육 과정을 이수하고 ‘인지능력자가진단’결과지의 ‘운전능력검사결과표’ 종합판정이 '수료'등급인 경우,대면/TM/CM/PM,대인1/대인2/대물/자손/무보험/자차,3.6
고령자안전교육이수할인,삼성화재해상보험,시니어 교통안전교육 이수자 우대 특별약관,"▶ ① 기명피보험자가 만 65세 이상② 부부운전자 한정운전 또는 기명피보험자 1인 한정운전 특별약관 가입③ 도로교통공단에서 실시하는 만 65세 이상 고령운전자 대상 교통안전교육 과정을 이수하고 인지지각 검사에 경계선(42점)군 이상으로 합격하거나, ‘인지능력 자가진단’ 결과지의 ‘운전능력검사결과표’ 종합 판정이 1∼3등급인 경우","대면, TM, CM, 플랫폼",대인1/대인2/대물/자손/무보험/자차,5.0
고령자안전교육이수할인,삼성화재해상보험,시니어 교통안전교육 이수자 우대 특별약관,▶ ① 기명피보험자가 만 65세 이상② 부부운전자 한정운전 또는 기명피보험자 1인 한정운전 특별약관 가입③ 도로교통공단에서 실시하는 만 65세 이상 고령운전자 대상 온라인 교통안전교육 과정을 이수하고 ‘인지능력 자가진단’ 결과지의 ‘운전능력검사결과표’ 종합 판정이 '수료'등급인 경우,"대면, TM, CM, 플랫폼",대인1/대인2/대물/자손/무보험/자차,3.6
고령자안전교육이수할인,현대해상화재보험,고령자 교통안전교육 이수 할인 특별약관,"▶ ① 기명피보험자가 만65세이상② 부부운전자 한정운전 또는 기명피보험자 1인한정운전 특별약관 가입③ 도로교통공단에서 실시하는 만65세이상 고령운전자 대상 온라인 교통안전교육 과정을 이수하고, '인지능력자가진단' 결과지의 '운전능력검사결과표' 종합 판정이 '수료' 등급인 경우",대면/TM/CM/플랫폼,대인1/대인2/대물/자손/무보험/자차,3.6
고령자안전교육이수할인,현대해상화재보험,고령자 교통안전교육 이수 할인 특별약관,"▶ ① 기명피보험자가 만65세이상② 부부운전자 한정운전 또는 기명피보험자 1인한정운전 특별약관 가입③ 도로교통공단에서 실시하는 만65세이상 고령운전자 대상 교통안전교육 과정을 이수하고, 인지지각 검사시 경계선(42점)군 이상으로 합격하거나, '인지능력자가진단' 결과지의 '운전능력검사결과표' 종합 판정이 1-3등급인 경우",대면/TM/CM/플랫폼,대인1/대인2/대물/자손/무보험/자차,5.0
고령자안전교육이수할인,KB손해보험,실버교통안전교육 이수 할인 특별약관,▶ ① 도로교통공단에서 시행하는 고령운전자 교통안전교육을 이수하고 인지능력 자가진단 결과 운전능력 진단등급이 1등급에서 3등급인 경우,대면/TM/CM/PM,대인1/대인2/대물/자손/무보험/자차,5.0
고령자안전교육이수할인,KB손해보험,실버교통안전교육 이수 할인 특별약관,▶ ① 도로교통공단에서 온라인으로 시행하는 고령운전자 교통안전교육을 이수하고 교통안전교육 수료증을 발급받은 경우,대면/TM/CM/PM,대인1/대인2/대물/자손/무보험/자차,3.6
고령자안전교육이수할인,DB손해보험,교통안전교육 실버우대 특별약관,▶ ① 기명피보험자가 만65세 이상② 부부운전자 한정운전 또는 기명피보험자 1인 한정운전 특별약관 가입③ 도로교통공단에서 실시하는 만65세 이상 고령운전자 대상 교통안전교육 과정을 이수하고 '인지능력 자가진단' 결과지의 '운전능력검사결과표' 종합판정이 1-3등급인 경우,대면/TM/CM/플랫폼,"대인1/대인2/대물/
자손/무보험/자차",5.0
고령자안전교육이수할인,DB손해보험,교통안전교육 실버우대 특별약관,▶ ① 기명피보험자가 만65세 이상② 부부운전자 한정운전 또는 기명피보험자 1인 한정운전 특별약관 가입③ 도로교통공단에서 온라인으로 실시하는 만65세 이상 고령운전자 대상 교통안전교육 과정을 이수하고 '인지능력 자가진단' 결과지의 '운전능력검사결과표' 종합판정이 '수료'등급인 경우,대면/TM/CM/플랫폼,"대인1/대인2/대물/
자손/무보험/자차",3.6
고령자안전교육이수할인,하나손해보험,교통안전교육 실버우대 특별약관,▶ ① 기명피보험자가 만65세 이상② 운전가능범위 : 부부한정 또는 1인한정 특별약관 가입③ 도로교통공단이 운영하는 교통안전교육을 이수하고 운전인지지각평가가 42점 이상이거나 인지능력자가진단 결과지의 운전능력진단결과표 종합판정이 1-3등급인 경우,대면/TM/CM/PM,"대인1, 대인2, 대물, 자손, 무보험차상해, 자차",5.0
고령자안전교육이수할인,하나손해보험,교통안전교육 실버우대 특별약관,▶ ① 기명피보험자가 만65세 이상② 운전가능범위 : 부부한정 또는 1인한정 특별약관 가입③ 도로교통공단이 운영하는 교통안전교육을 이수하고 온라인으로 실시되는 인지능력 자가진단 결과지가 수료인 경우,대면/TM/CM/PM,"대인1, 대인2, 대물, 자손, 무보험차상해, 자차",3.6
고령자안전교육이수할인,캐롯손해보험,고령자 교통안전 할인 특별약관,"▶ ① 기명피보험자가 만 65세 이상② 「기명피보험자 1인 한정운전 특별약관」 또는 「부부운전자 한정운전 특별약관」에 가입③ 도로교통공단에서 실시하는 만 65세 이상 고령운전자 대상 교통안전교육 과정을 이수하고 '운전 인지.지각 검사'에 경계선(42점)군 이상으로 합격하거나, '인지능력 자가진단' 결과지의 '운전능력검사결과표' 종합 판정이 1-3등급인 경우",CM/PM,대인1/대인2/대물/자손/무보험/자차,5.0
고령자안전교육이수할인,캐롯손해보험,고령자 교통안전 할인 특별약관,▶ ① 기명피보험자가 만 65세 이상② 「기명피보험자 1인 한정운전 특별약관」 또는 「부부운전자 한정운전 특별약관」에 가입③ 도로교통공단에서 실시하는 만 65세 이상 고령운전자 대상 온라인 교통안전교육 과정을 이수하고 '인지능력 자가진단' 결과지의 '운전능력검사결과표' 종합 판정이 '수료'등급인 경우,CM/PM,대인1/대인2/대물/자손/무보험/자차,3.6
서민(나눔)우대할인,메리츠화재보험,행복나눔 서민우대 할인 특별약관,"▶① 기명피보험자가 국민기초생활보장법 제2조에 의거한 기초생활수급자인 경우② 기명피보험자 또는 기명피보험자의 동거가족이 장애인복지법에 따른  장애인등록증 상 장애 정도가 ‘중증’인 경우 (2019. 6. 30. 이전 발급된 장애인등록증의 경우는 1-3급 장애인)가 아닐 경우 다음의 조건을 모두 충족하는 경우가. 기명피보험자의 나이가 가입시점 만 30세 이상나. 피보험자동차가 비사업용으로 배기량이 1,600cc 이하 승용자동차 이거나 1.5톤 이하의 화물자동차 (단, 기명피보험자가 소유한 자동차는 1대)다. 피보험자동차가 최초등록일로부터 5년 이상 경과라. 기명피보험자에게 만20세 미만의 부양자녀가 있을 것 (단, 기명보험자의 나이가 가입시점 만 65세 이상이고 기명피보험자 및 배우자의 합산 소득이 연 2,000만원 이하 경우는 제외)마. 기명피보험자 및 배우자의 합산 소득이 연 4,000만원 이하③ 기명피보험자 또는 기명피보험자의 동거가족이 장애인복지법에 따른  장애인등록증 상 장애 정도가 ‘중증’인 경우 (2019. 6. 30. 이전 발급된 장애인등록증의 경우는 1-3급 장애인)로서 다음의 조건을 모두 충족하는 경우가. 피보험자동차가 비사업용으로 배기량이 2,000cc 이하 승용자동차 이거나 1.5톤 이하의 화물자동차 (단, 기명피보험자가 소유한 자동차는 1대)나. 피보험자동차가 최초등록일로부터 5년 이상 경과다. 기명피보험자 및 배우자의 합산소득이 연 4,000만원 이하④ 기명피보험자 및 배우자의 합산 소득이 연 4,000만원 이하이면서, 피보험자동차가 장애인 운송용 휠체어 리프트나 슬로프가 설치되어 출고되거나 구조변경된 차량인 경우",대면,대인1/대인2/대물/자손/무보험/자차,8.0
서민(나눔)우대할인,메리츠화재보험,행복나눔 서민우대 할인 특별약관,"▶① 기명피보험자가 국민기초생활보장법 제2조에 의거한 기초생활수급자인 경우② 기명피보험자 또는 기명피보험자의 동거가족이 장애인복지법에 따른  장애인등록증 상 장애 정도가 ‘중증’인 경우 (2019. 6. 30. 이전 발급된 장애인등록증의 경우는 1-3급 장애인)가 아닐 경우 다음의 조건을 모두 충족하는 경우가. 기명피보험자의 나이가 가입시점 만 30세 이상나. 피보험자동차가 비사업용으로 배기량이 1,600cc 이하 승용자동차 이거나 1.5톤 이하의 화물자동차 (단, 기명피보험자가 소유한 자동차는 1대)다. 피보험자동차가 최초등록일로부터 5년 이상 경과라. 기명피보험자에게 만20세 미만의 부양자녀가 있을 것 (단, 기명보험자의 나이가 가입시점 만 65세 이상이고 기명피보험자 및 배우자의 합산 소득이 연 2,000만원 이하 경우는 제외)마. 기명피보험자 및 배우자의 합산 소득이 연 4,000만원 이하③ 기명피보험자 또는 기명피보험자의 동거가족이 장애인복지법에 따른  장애인등록증 상 장애 정도가 ‘중증’인 경우 (2019. 6. 30. 이전 발급된 장애인등록증의 경우는 1-3급 장애인)로서 다음의 조건을 모두 충족하는 경우가. 피보험자동차가 비사업용으로 배기량이 2,000cc 이하 승용자동차 이거나 1.5톤 이하의 화물자동차 (단, 기명피보험자가 소유한 자동차는 1대)나. 피보험자동차가 최초등록일로부터 5년 이상 경과다. 기명피보험자 및 배우자의 합산소득이 연 4,000만원 이하④ 기명피보험자 및 배우자의 합산 소득이 연 4,000만원 이하이면서, 피보험자동차가 장애인 운송용 휠체어 리프트나 슬로프가 설치되어 출고되거나 구조변경된 차량인 경우",TM/CM/PM,대인1/대인2/대물/자손/무보험/자차,4.8
서민(나눔)우대할인,한화손해보험,나눔 특별약관,"▶① 기명피보험자가 국민기초생활보장법 제2조에 의거한 기초생활수급자인 경우② 기명피보험자 또는 기명피보험자의 동거가족이 장애인복지법에 따른  장애인등록증 상 장애 정도가 ‘중증’인 경우 (2019. 6. 30. 이전 발급된 장애인등록증의 경우는 1-3급 장애인)가 아닐 경우 다음의 조건을 모두 충족하는 경우가. 기명피보험자의 나이가 가입시점 만 30세 이상나. 피보험자동차가 비사업용으로 배기량이 1,600cc 이하 승용자동차 이거나 1.5톤 이하의 화물자동차 (단, 기명피보험자가 소유한 자동차는 1대)다. 피보험자동차가 최초등록일로부터 5년 이상 경과라. 기명피보험자에게 만20세 미만의 부양자녀가 있을 것 (단, 기명보험자의 나이가 가입시점 만 65세 이상이고 기명피보험자 및 배우자의 합산 소득이 연 2,000만원 이하 경우는 제외)마. 기명피보험자 및 배우자의 합산 소득이 연 4,000만원 이하③ 기명피보험자 또는 기명피보험자의 동거가족이 장애인복지법에 따른  장애인등록증 상 장애 정도가 ‘중증’인 경우 (2019. 6. 30. 이전 발급된 장애인등록증의 경우는 1-3급 장애인)로서 다음의 조건을 모두 충족하는 경우가. 피보험자동차가 비사업용으로 배기량이 2,000cc 이하 승용자동차 이거나 1.5톤 이하의 화물자동차 (단, 기명피보험자가 소유한 자동차는 1대)나. 피보험자동차가 최초등록일로부터 5년 이상 경과다. 기명피보험자 및 배우자의 합산소득이 연 4,000만원 이하④ 기명피보험자 및 배우자의 합산 소득이 연 4,000만원 이하이면서, 피보험자동차가 장애인 운송용 휠체어 리프트나 슬로프가 설치되어 출고되거나 구조변경된 차량인 경우",대면,"대인1, 대인2, 대물, 자손, 무보험차상해, 자차",8.0
서민(나눔)우대할인,한화손해보험,다이렉트 나눔 특별약관,"▶① 기명피보험자가 국민기초생활보장법 제2조에 의거한 기초생활수급자인 경우② 기명피보험자 또는 기명피보험자의 동거가족이 장애인복지법에 따른  장애인등록증 상 장애 정도가 ‘중증’인 경우 (2019. 6. 30. 이전 발급된 장애인등록증의 경우는 1-3급 장애인)가 아닐 경우 다음의 조건을 모두 충족하는 경우가. 기명피보험자의 나이가 가입시점 만 30세 이상나. 피보험자동차가 비사업용으로 배기량이 1,600cc 이하 승용자동차 이거나 1.5톤 이하의 화물자동차 (단, 기명피보험자가 소유한 자동차는 1대)다. 피보험자동차가 최초등록일로부터 5년 이상 경과라. 기명피보험자에게 만20세 미만의 부양자녀가 있을 것 (단, 기명보험자의 나이가 가입시점 만 65세 이상이고 기명피보험자 및 배우자의 합산 소득이 연 2,000만원 이하 경우는 제외)마. 기명피보험자 및 배우자의 합산 소득이 연 4,000만원 이하③ 기명피보험자 또는 기명피보험자의 동거가족이 장애인복지법에 따른  장애인등록증 상 장애 정도가 ‘중증’인 경우 (2019. 6. 30. 이전 발급된 장애인등록증의 경우는 1-3급 장애인)로서 다음의 조건을 모두 충족하는 경우가. 피보험자동차가 비사업용으로 배기량이 2,000cc 이하 승용자동차 이거나 1.5톤 이하의 화물자동차 (단, 기명피보험자가 소유한 자동차는 1대)나. 피보험자동차가 최초등록일로부터 5년 이상 경과다. 기명피보험자 및 배우자의 합산소득이 연 4,000만원 이하④ 기명피보험자 및 배우자의 합산 소득이 연 4,000만원 이하이면서, 피보험자동차가 장애인 운송용 휠체어 리프트나 슬로프가 설치되어 출고되거나 구조변경된 차량인 경우",TM,"대인1, 대인2, 대물, 자손, 무보험차상해, 자차",5.1
서민(나눔)우대할인,롯데손해보험,희망나눔 특별약관,"▶① 기명피보험자가 국민기초생활보장법 제2조에 의거한 기초생활수급자인 경우② 기명피보험자 또는 기명피보험자의 동거가족이 장애인복지법에 따른  장애인등록증 상 장애 정도가 ‘중증’인 경우 (2019. 6. 30. 이전 발급된 장애인등록증의 경우는 1-3급 장애인)가 아닐 경우 다음의 조건을 모두 충족하는 경우가. 기명피보험자의 나이가 가입시점 만 30세 이상나. 피보험자동차가 비사업용으로 배기량이 1,600cc 이하 승용자동차 이거나 1.5톤 이하의 화물자동차 (단, 기명피보험자가 소유한 자동차는 1대)다. 피보험자동차가 최초등록일로부터 5년 이상 경과라. 기명피보험자에게 만20세 미만의 부양자녀가 있을 것 (단, 기명보험자의 나이가 가입시점 만 65세 이상이고 기명피보험자 및 배우자의 합산 소득이 연 2,000만원 이하 경우는 제외)마. 기명피보험자 및 배우자의 합산 소득이 연 4,000만원 이하③ 기명피보험자 또는 기명피보험자의 동거가족이 장애인복지법에 따른  장애인등록증 상 장애 정도가 ‘중증’인 경우 (2019. 6. 30. 이전 발급된 장애인등록증의 경우는 1-3급 장애인)로서 다음의 조건을 모두 충족하는 경우가. 피보험자동차가 비사업용으로 배기량이 2,000cc 이하 승용자동차 이거나 1.5톤 이하의 화물자동차 (단, 기명피보험자가 소유한 자동차는 1대)나. 피보험자동차가 최초등록일로부터 5년 이상 경과다. 기명피보험자 및 배우자의 합산소득이 연 4,000만원 이하④ 기명피보험자 및 배우자의 합산 소득이 연 4,000만원 이하이면서, 피보험자동차가 장애인 운송용 휠체어 리프트나 슬로프가 설치되어 출고되거나 구조변경된 차량인 경우",대면,대인1/대인2/대물/자손/무보험/자차,8.0
서민(나눔)우대할인,롯데손해보험,희망나눔 특별약관,"▶① 기명피보험자가 국민기초생활보장법 제2조에 의거한 기초생활수급자인 경우② 기명피보험자 또는 기명피보험자의 동거가족이 장애인복지법에 따른  장애인등록증 상 장애 정도가 ‘중증’인 경우 (2019. 6. 30. 이전 발급된 장애인등록증의 경우는 1-3급 장애인)가 아닐 경우 다음의 조건을 모두 충족하는 경우가. 기명피보험자의 나이가 가입시점 만 30세 이상나. 피보험자동차가 비사업용으로 배기량이 1,600cc 이하 승용자동차 이거나 1.5톤 이하의 화물자동차 (단, 기명피보험자가 소유한 자동차는 1대)다. 피보험자동차가 최초등록일로부터 5년 이상 경과라. 기명피보험자에게 만20세 미만의 부양자녀가 있을 것 (단, 기명보험자의 나이가 가입시점 만 65세 이상이고 기명피보험자 및 배우자의 합산 소득이 연 2,000만원 이하 경우는 제외)마. 기명피보험자 및 배우자의 합산 소득이 연 4,000만원 이하③ 기명피보험자 또는 기명피보험자의 동거가족이 장애인복지법에 따른  장애인등록증 상 장애 정도가 ‘중증’인 경우 (2019. 6. 30. 이전 발급된 장애인등록증의 경우는 1-3급 장애인)로서 다음의 조건을 모두 충족하는 경우가. 피보험자동차가 비사업용으로 배기량이 2,000cc 이하 승용자동차 이거나 1.5톤 이하의 화물자동차 (단, 기명피보험자가 소유한 자동차는 1대)나. 피보험자동차가 최초등록일로부터 5년 이상 경과다. 기명피보험자 및 배우자의 합산소득이 연 4,000만원 이하④ 기명피보험자 및 배우자의 합산 소득이 연 4,000만원 이하이면서, 피보험자동차가 장애인 운송용 휠체어 리프트나 슬로프가 설치되어 출고되거나 구조변경된 차량인 경우",TM/CM/PM,대인1/대인2/대물/자손/무보험/자차,3.1
서민(나눔)우대할인,MG손해보험,서민형 나눔 할인 특별약관,"▶① 기명피보험자가 국민기초생활보장법 제2조에 의거한 기초생활수급자인 경우② 기명피보험자 또는 기명피보험자의 동거가족이 장애인복지법에 따른  장애인등록증 상 장애 정도가 ‘중증’인 경우 (2019. 6. 30. 이전 발급된 장애인등록증의 경우는 1-3급 장애인)가 아닐 경우 다음의 조건을 모두 충족하는 경우가. 기명피보험자의 나이가 가입시점 만 30세 이상나. 피보험자동차가 비사업용으로 배기량이 1,600cc 이하 승용자동차 이거나 1.5톤 이하의 화물자동차 (단, 기명피보험자가 소유한 자동차는 1대)다. 피보험자동차가 최초등록일로부터 5년 이상 경과라. 기명피보험자에게 만20세 미만의 부양자녀가 있을 것 (단, 기명보험자의 나이가 가입시점 만 65세 이상이고 기명피보험자 및 배우자의 합산 소득이 연 2,000만원 이하 경우는 제외)마. 기명피보험자 및 배우자의 합산 소득이 연 4,000만원 이하③ 기명피보험자 또는 기명피보험자의 동거가족이 장애인복지법에 따른  장애인등록증 상 장애 정도가 ‘중증’인 경우 (2019. 6. 30. 이전 발급된 장애인등록증의 경우는 1-3급 장애인)로서 다음의 조건을 모두 충족하는 경우가. 피보험자동차가 비사업용으로 배기량이 2,000cc 이하 승용자동차 이거나 1.5톤 이하의 화물자동차 (단, 기명피보험자가 소유한 자동차는 1대)나. 피보험자동차가 최초등록일로부터 5년 이상 경과다. 기명피보험자 및 배우자의 합산소득이 연 4,000만원 이하④ 기명피보험자 및 배우자의 합산 소득이 연 4,000만원 이하이면서, 피보험자동차가 장애인 운송용 휠체어 리프트나 슬로프가 설치되어 출고되거나 구조변경된 차량인 경우",TM/CM,대인1,1.5
서민(나눔)우대할인,MG손해보험,서민형 나눔 할인 특별약관,"▶① 기명피보험자가 국민기초생활보장법 제2조에 의거한 기초생활수급자인 경우② 기명피보험자 또는 기명피보험자의 동거가족이 장애인복지법에 따른  장애인등록증 상 장애 정도가 ‘중증’인 경우 (2019. 6. 30. 이전 발급된 장애인등록증의 경우는 1-3급 장애인)가 아닐 경우 다음의 조건을 모두 충족하는 경우가. 기명피보험자의 나이가 가입시점 만 30세 이상나. 피보험자동차가 비사업용으로 배기량이 1,600cc 이하 승용자동차 이거나 1.5톤 이하의 화물자동차 (단, 기명피보험자가 소유한 자동차는 1대)다. 피보험자동차가 최초등록일로부터 5년 이상 경과라. 기명피보험자에게 만20세 미만의 부양자녀가 있을 것 (단, 기명보험자의 나이가 가입시점 만 65세 이상이고 기명피보험자 및 배우자의 합산 소득이 연 2,000만원 이하 경우는 제외)마. 기명피보험자 및 배우자의 합산 소득이 연 4,000만원 이하③ 기명피보험자 또는 기명피보험자의 동거가족이 장애인복지법에 따른  장애인등록증 상 장애 정도가 ‘중증’인 경우 (2019. 6. 30. 이전 발급된 장애인등록증의 경우는 1-3급 장애인)로서 다음의 조건을 모두 충족하는 경우가. 피보험자동차가 비사업용으로 배기량이 2,000cc 이하 승용자동차 이거나 1.5톤 이하의 화물자동차 (단, 기명피보험자가 소유한 자동차는 1대)나. 피보험자동차가 최초등록일로부터 5년 이상 경과다. 기명피보험자 및 배우자의 합산소득이 연 4,000만원 이하④ 기명피보험자 및 배우자의 합산 소득이 연 4,000만원 이하이면서, 피보험자동차가 장애인 운송용 휠체어 리프트나 슬로프가 설치되어 출고되거나 구조변경된 차량인 경우",TM/CM,대인2/대물/자손/무보험/자차,4.5
서민(나눔)우대할인,흥국화재해상보험,서민우대 할인 특별약관,"▶① 기명피보험자가 국민기초생활보장법 제2조에 의거한 기초생활수급자인 경우② 기명피보험자 또는 기명피보험자의 동거가족이 장애인복지법에 따른  장애인등록증 상 장애 정도가 ‘중증’인 경우 (2019. 6. 30. 이전 발급된 장애인등록증의 경우는 1-3급 장애인)가 아닐 경우 다음의 조건을 모두 충족하는 경우가. 기명피보험자의 나이가 가입시점 만 30세 이상나. 피보험자동차가 비사업용으로 배기량이 1,600cc 이하 승용자동차 이거나 1.5톤 이하의 화물자동차 (단, 기명피보험자가 소유한 자동차는 1대)다. 피보험자동차가 최초등록일로부터 5년 이상 경과라. 기명피보험자에게 만20세 미만의 부양자녀가 있을 것 (단, 기명보험자의 나이가 가입시점 만 65세 이상이고 기명피보험자 및 배우자의 합산 소득이 연 2,000만원 이하 경우는 제외)마. 기명피보험자 및 배우자의 합산 소득이 연 4,000만원 이하③ 기명피보험자 또는 기명피보험자의 동거가족이 장애인복지법에 따른  장애인등록증 상 장애 정도가 ‘중증’인 경우 (2019. 6. 30. 이전 발급된 장애인등록증의 경우는 1-3급 장애인)로서 다음의 조건을 모두 충족하는 경우가. 피보험자동차가 비사업용으로 배기량이 2,000cc 이하 승용자동차 이거나 1.5톤 이하의 화물자동차 (단, 기명피보험자가 소유한 자동차는 1대)나. 피보험자동차가 최초등록일로부터 5년 이상 경과다. 기명피보험자 및 배우자의 합산소득이 연 4,000만원 이하④ 기명피보험자 및 배우자의 합산 소득이 연 4,000만원 이하이면서, 피보험자동차가 장애인 운송용 휠체어 리프트나 슬로프가 설치되어 출고되거나 구조변경된 차량인 경우",대면,대인1/대인2/대물/자손/무보험/자차,8.0
서민(나눔)우대할인,흥국화재해상보험,서민우대 할인 특별약관,"▶① 기명피보험자가 국민기초생활보장법 제2조에 의거한 기초생활수급자인 경우② 기명피보험자 또는 기명피보험자의 동거가족이 장애인복지법에 따른  장애인등록증 상 장애 정도가 ‘중증’인 경우 (2019. 6. 30. 이전 발급된 장애인등록증의 경우는 1-3급 장애인)가 아닐 경우 다음의 조건을 모두 충족하는 경우가. 기명피보험자의 나이가 가입시점 만 30세 이상나. 피보험자동차가 비사업용으로 배기량이 1,600cc 이하 승용자동차 이거나 1.5톤 이하의 화물자동차 (단, 기명피보험자가 소유한 자동차는 1대)다. 피보험자동차가 최초등록일로부터 5년 이상 경과라. 기명피보험자에게 만20세 미만의 부양자녀가 있을 것 (단, 기명보험자의 나이가 가입시점 만 65세 이상이고 기명피보험자 및 배우자의 합산 소득이 연 2,000만원 이하 경우는 제외)마. 기명피보험자 및 배우자의 합산 소득이 연 4,000만원 이하③ 기명피보험자 또는 기명피보험자의 동거가족이 장애인복지법에 따른  장애인등록증 상 장애 정도가 ‘중증’인 경우 (2019. 6. 30. 이전 발급된 장애인등록증의 경우는 1-3급 장애인)로서 다음의 조건을 모두 충족하는 경우가. 피보험자동차가 비사업용으로 배기량이 2,000cc 이하 승용자동차 이거나 1.5톤 이하의 화물자동차 (단, 기명피보험자가 소유한 자동차는 1대)나. 피보험자동차가 최초등록일로부터 5년 이상 경과다. 기명피보험자 및 배우자의 합산소득이 연 4,000만원 이하④ 기명피보험자 및 배우자의 합산 소득이 연 4,000만원 이하이면서, 피보험자동차가 장애인 운송용 휠체어 리프트나 슬로프가 설치되어 출고되거나 구조변경된 차량인 경우",TM/CM/PM,대인1/대인2/대물/자손/무보험/자차,3.2
서민(나눔)우대할인,삼성화재해상보험,나눔 친서민 특별약관,"▶① 기명피보험자가 국민기초생활보장법 제2조에 의거한 기초생활수급자인 경우② 기명피보험자 또는 기명피보험자의 동거가족이 장애인복지법에 따른  장애인등록증 상 장애 정도가 ‘중증’인 경우 (2019. 6. 30. 이전 발급된 장애인등록증의 경우는 1-3급 장애인)가 아닐 경우 다음의 조건을 모두 충족하는 경우가. 기명피보험자의 나이가 가입시점 만 30세 이상나. 피보험자동차가 비사업용으로 배기량이 1,600cc 이하 승용자동차 이거나 1.5톤 이하의 화물자동차 (단, 기명피보험자가 소유한 자동차는 1대)다. 피보험자동차가 최초등록일로부터 5년 이상 경과라. 기명피보험자에게 만20세 미만의 부양자녀가 있을 것 (단, 기명보험자의 나이가 가입시점 만 65세 이상이고 기명피보험자 및 배우자의 합산 소득이 연 2,000만원 이하 경우는 제외)마. 기명피보험자 및 배우자의 합산 소득이 연 4,000만원 이하③ 기명피보험자 또는 기명피보험자의 동거가족이 장애인복지법에 따른  장애인등록증 상 장애 정도가 ‘중증’인 경우 (2019. 6. 30. 이전 발급된 장애인등록증의 경우는 1-3급 장애인)로서 다음의 조건을 모두 충족하는 경우가. 피보험자동차가 비사업용으로 배기량이 2,000cc 이하 승용자동차 이거나 1.5톤 이하의 화물자동차 (단, 기명피보험자가 소유한 자동차는 1대)나. 피보험자동차가 최초등록일로부터 5년 이상 경과다. 기명피보험자 및 배우자의 합산소득이 연 4,000만원 이하④ 기명피보험자 및 배우자의 합산 소득이 연 4,000만원 이하이면서, 피보험자동차가 장애인 운송용 휠체어 리프트나 슬로프가 설치되어 출고되거나 구조변경된 차량인 경우","TM, CM, 플랫폼",대인1/대인2/대물/자손/무보험/자차,3.0
서민(나눔)우대할인,삼성화재해상보험,나눔 친서민 특별약관,"▶① 기명피보험자가 국민기초생활보장법 제2조에 의거한 기초생활수급자인 경우② 기명피보험자 또는 기명피보험자의 동거가족이 장애인복지법에 따른  장애인등록증 상 장애 정도가 ‘중증’인 경우 (2019. 6. 30. 이전 발급된 장애인등록증의 경우는 1-3급 장애인)가 아닐 경우 다음의 조건을 모두 충족하는 경우가. 기명피보험자의 나이가 가입시점 만 30세 이상나. 피보험자동차가 비사업용으로 배기량이 1,600cc 이하 승용자동차 이거나 1.5톤 이하의 화물자동차 (단, 기명피보험자가 소유한 자동차는 1대)다. 피보험자동차가 최초등록일로부터 5년 이상 경과라. 기명피보험자에게 만20세 미만의 부양자녀가 있을 것 (단, 기명보험자의 나이가 가입시점 만 65세 이상이고 기명피보험자 및 배우자의 합산 소득이 연 2,000만원 이하 경우는 제외)마. 기명피보험자 및 배우자의 합산 소득이 연 4,000만원 이하③ 기명피보험자 또는 기명피보험자의 동거가족이 장애인복지법에 따른  장애인등록증 상 장애 정도가 ‘중증’인 경우 (2019. 6. 30. 이전 발급된 장애인등록증의 경우는 1-3급 장애인)로서 다음의 조건을 모두 충족하는 경우가. 피보험자동차가 비사업용으로 배기량이 2,000cc 이하 승용자동차 이거나 1.5톤 이하의 화물자동차 (단, 기명피보험자가 소유한 자동차는 1대)나. 피보험자동차가 최초등록일로부터 5년 이상 경과다. 기명피보험자 및 배우자의 합산소득이 연 4,000만원 이하④ 기명피보험자 및 배우자의 합산 소득이 연 4,000만원 이하이면서, 피보험자동차가 장애인 운송용 휠체어 리프트나 슬로프가 설치되어 출고되거나 구조변경된 차량인 경우",대면,대인1/대인2/대물/자손/무보험/자차,8.0
서민(나눔)우대할인,현대해상화재보험,나눔 특별약관,"▶① 기명피보험자가 국민기초생활보장법 제2조에 의거한 기초생활수급자인 경우② 기명피보험자 또는 기명피보험자의 동거가족이 장애인복지법에 따른  장애인등록증 상 장애 정도가 ‘중증’인 경우 (2019. 6. 30. 이전 발급된 장애인등록증의 경우는 1-3급 장애인)가 아닐 경우 다음의 조건을 모두 충족하는 경우가. 기명피보험자의 나이가 가입시점 만 30세 이상나. 피보험자동차가 비사업용으로 배기량이 1,600cc 이하 승용자동차 이거나 1.5톤 이하의 화물자동차 (단, 기명피보험자가 소유한 자동차는 1대)다. 피보험자동차가 최초등록일로부터 5년 이상 경과라. 기명피보험자에게 만20세 미만의 부양자녀가 있을 것 (단, 기명보험자의 나이가 가입시점 만 65세 이상이고 기명피보험자 및 배우자의 합산 소득이 연 2,000만원 이하 경우는 제외)마. 기명피보험자 및 배우자의 합산 소득이 연 4,000만원 이하③ 기명피보험자 또는 기명피보험자의 동거가족이 장애인복지법에 따른  장애인등록증 상 장애 정도가 ‘중증’인 경우 (2019. 6. 30. 이전 발급된 장애인등록증의 경우는 1-3급 장애인)로서 다음의 조건을 모두 충족하는 경우가. 피보험자동차가 비사업용으로 배기량이 2,000cc 이하 승용자동차 이거나 1.5톤 이하의 화물자동차 (단, 기명피보험자가 소유한 자동차는 1대)나. 피보험자동차가 최초등록일로부터 5년 이상 경과다. 기명피보험자 및 배우자의 합산소득이 연 4,000만원 이하④ 기명피보험자 및 배우자의 합산 소득이 연 4,000만원 이하이면서, 피보험자동차가 장애인 운송용 휠체어 리프트나 슬로프가 설치되어 출고되거나 구조변경된 차량인 경우",대면,대인1/대인2/대물/자손/무보험/자차,8.0
서민(나눔)우대할인,현대해상화재보험,나눔 특별약관,"▶① 기명피보험자가 국민기초생활보장법 제2조에 의거한 기초생활수급자인 경우② 기명피보험자 또는 기명피보험자의 동거가족이 장애인복지법에 따른  장애인등록증 상 장애 정도가 ‘중증’인 경우 (2019. 6. 30. 이전 발급된 장애인등록증의 경우는 1-3급 장애인)가 아닐 경우 다음의 조건을 모두 충족하는 경우가. 기명피보험자의 나이가 가입시점 만 30세 이상나. 피보험자동차가 비사업용으로 배기량이 1,600cc 이하 승용자동차 이거나 1.5톤 이하의 화물자동차 (단, 기명피보험자가 소유한 자동차는 1대)다. 피보험자동차가 최초등록일로부터 5년 이상 경과라. 기명피보험자에게 만20세 미만의 부양자녀가 있을 것 (단, 기명보험자의 나이가 가입시점 만 65세 이상이고 기명피보험자 및 배우자의 합산 소득이 연 2,000만원 이하 경우는 제외)마. 기명피보험자 및 배우자의 합산 소득이 연 4,000만원 이하③ 기명피보험자 또는 기명피보험자의 동거가족이 장애인복지법에 따른  장애인등록증 상 장애 정도가 ‘중증’인 경우 (2019. 6. 30. 이전 발급된 장애인등록증의 경우는 1-3급 장애인)로서 다음의 조건을 모두 충족하는 경우가. 피보험자동차가 비사업용으로 배기량이 2,000cc 이하 승용자동차 이거나 1.5톤 이하의 화물자동차 (단, 기명피보험자가 소유한 자동차는 1대)나. 피보험자동차가 최초등록일로부터 5년 이상 경과다. 기명피보험자 및 배우자의 합산소득이 연 4,000만원 이하④ 기명피보험자 및 배우자의 합산 소득이 연 4,000만원 이하이면서, 피보험자동차가 장애인 운송용 휠체어 리프트나 슬로프가 설치되어 출고되거나 구조변경된 차량인 경우",대면,대인1/대인2/대물/자손/무보험/자차,8.0
서민(나눔)우대할인,현대해상화재보험,나눔 특별약관,"▶① 기명피보험자가 국민기초생활보장법 제2조에 의거한 기초생활수급자인 경우② 기명피보험자 또는 기명피보험자의 동거가족이 장애인복지법에 따른  장애인등록증 상 장애 정도가 ‘중증’인 경우 (2019. 6. 30. 이전 발급된 장애인등록증의 경우는 1-3급 장애인)가 아닐 경우 다음의 조건을 모두 충족하는 경우가. 기명피보험자의 나이가 가입시점 만 30세 이상나. 피보험자동차가 비사업용으로 배기량이 1,600cc 이하 승용자동차 이거나 1.5톤 이하의 화물자동차 (단, 기명피보험자가 소유한 자동차는 1대)다. 피보험자동차가 최초등록일로부터 5년 이상 경과라. 기명피보험자에게 만20세 미만의 부양자녀가 있을 것 (단, 기명보험자의 나이가 가입시점 만 65세 이상이고 기명피보험자 및 배우자의 합산 소득이 연 2,000만원 이하 경우는 제외)마. 기명피보험자 및 배우자의 합산 소득이 연 4,000만원 이하③ 기명피보험자 또는 기명피보험자의 동거가족이 장애인복지법에 따른  장애인등록증 상 장애 정도가 ‘중증’인 경우 (2019. 6. 30. 이전 발급된 장애인등록증의 경우는 1-3급 장애인)로서 다음의 조건을 모두 충족하는 경우가. 피보험자동차가 비사업용으로 배기량이 2,000cc 이하 승용자동차 이거나 1.5톤 이하의 화물자동차 (단, 기명피보험자가 소유한 자동차는 1대)나. 피보험자동차가 최초등록일로부터 5년 이상 경과다. 기명피보험자 및 배우자의 합산소득이 연 4,000만원 이하④ 기명피보험자 및 배우자의 합산 소득이 연 4,000만원 이하이면서, 피보험자동차가 장애인 운송용 휠체어 리프트나 슬로프가 설치되어 출고되거나 구조변경된 차량인 경우",대면,대인1/대인2/대물/자손/무보험/자차,8.0
서민(나눔)우대할인,현대해상화재보험,나눔 특별약관,"▶① 기명피보험자가 국민기초생활보장법 제2조에 의거한 기초생활수급자인 경우② 기명피보험자 또는 기명피보험자의 동거가족이 장애인복지법에 따른  장애인등록증 상 장애 정도가 ‘중증’인 경우 (2019. 6. 30. 이전 발급된 장애인등록증의 경우는 1-3급 장애인)가 아닐 경우 다음의 조건을 모두 충족하는 경우가. 기명피보험자의 나이가 가입시점 만 30세 이상나. 피보험자동차가 비사업용으로 배기량이 1,600cc 이하 승용자동차 이거나 1.5톤 이하의 화물자동차 (단, 기명피보험자가 소유한 자동차는 1대)다. 피보험자동차가 최초등록일로부터 5년 이상 경과라. 기명피보험자에게 만20세 미만의 부양자녀가 있을 것 (단, 기명보험자의 나이가 가입시점 만 65세 이상이고 기명피보험자 및 배우자의 합산 소득이 연 2,000만원 이하 경우는 제외)마. 기명피보험자 및 배우자의 합산 소득이 연 4,000만원 이하③ 기명피보험자 또는 기명피보험자의 동거가족이 장애인복지법에 따른  장애인등록증 상 장애 정도가 ‘중증’인 경우 (2019. 6. 30. 이전 발급된 장애인등록증의 경우는 1-3급 장애인)로서 다음의 조건을 모두 충족하는 경우가. 피보험자동차가 비사업용으로 배기량이 2,000cc 이하 승용자동차 이거나 1.5톤 이하의 화물자동차 (단, 기명피보험자가 소유한 자동차는 1대)나. 피보험자동차가 최초등록일로부터 5년 이상 경과다. 기명피보험자 및 배우자의 합산소득이 연 4,000만원 이하④ 기명피보험자 및 배우자의 합산 소득이 연 4,000만원 이하이면서, 피보험자동차가 장애인 운송용 휠체어 리프트나 슬로프가 설치되어 출고되거나 구조변경된 차량인 경우",TM,대인1/대인2/대물/자손/무보험/자차,4.5
서민(나눔)우대할인,현대해상화재보험,나눔 특별약관,"▶① 기명피보험자가 국민기초생활보장법 제2조에 의거한 기초생활수급자인 경우② 기명피보험자 또는 기명피보험자의 동거가족이 장애인복지법에 따른  장애인등록증 상 장애 정도가 ‘중증’인 경우 (2019. 6. 30. 이전 발급된 장애인등록증의 경우는 1-3급 장애인)가 아닐 경우 다음의 조건을 모두 충족하는 경우가. 기명피보험자의 나이가 가입시점 만 30세 이상나. 피보험자동차가 비사업용으로 배기량이 1,600cc 이하 승용자동차 이거나 1.5톤 이하의 화물자동차 (단, 기명피보험자가 소유한 자동차는 1대)다. 피보험자동차가 최초등록일로부터 5년 이상 경과라. 기명피보험자에게 만20세 미만의 부양자녀가 있을 것 (단, 기명보험자의 나이가 가입시점 만 65세 이상이고 기명피보험자 및 배우자의 합산 소득이 연 2,000만원 이하 경우는 제외)마. 기명피보험자 및 배우자의 합산 소득이 연 4,000만원 이하③ 기명피보험자 또는 기명피보험자의 동거가족이 장애인복지법에 따른  장애인등록증 상 장애 정도가 ‘중증’인 경우 (2019. 6. 30. 이전 발급된 장애인등록증의 경우는 1-3급 장애인)로서 다음의 조건을 모두 충족하는 경우가. 피보험자동차가 비사업용으로 배기량이 2,000cc 이하 승용자동차 이거나 1.5톤 이하의 화물자동차 (단, 기명피보험자가 소유한 자동차는 1대)나. 피보험자동차가 최초등록일로부터 5년 이상 경과다. 기명피보험자 및 배우자의 합산소득이 연 4,000만원 이하④ 기명피보험자 및 배우자의 합산 소득이 연 4,000만원 이하이면서, 피보험자동차가 장애인 운송용 휠체어 리프트나 슬로프가 설치되어 출고되거나 구조변경된 차량인 경우",TM,대인1/대인2/대물/자손/무보험/자차,4.5
서민(나눔)우대할인,현대해상화재보험,나눔 특별약관,"▶① 기명피보험자가 국민기초생활보장법 제2조에 의거한 기초생활수급자인 경우② 기명피보험자 또는 기명피보험자의 동거가족이 장애인복지법에 따른  장애인등록증 상 장애 정도가 ‘중증’인 경우 (2019. 6. 30. 이전 발급된 장애인등록증의 경우는 1-3급 장애인)가 아닐 경우 다음의 조건을 모두 충족하는 경우가. 기명피보험자의 나이가 가입시점 만 30세 이상나. 피보험자동차가 비사업용으로 배기량이 1,600cc 이하 승용자동차 이거나 1.5톤 이하의 화물자동차 (단, 기명피보험자가 소유한 자동차는 1대)다. 피보험자동차가 최초등록일로부터 5년 이상 경과라. 기명피보험자에게 만20세 미만의 부양자녀가 있을 것 (단, 기명보험자의 나이가 가입시점 만 65세 이상이고 기명피보험자 및 배우자의 합산 소득이 연 2,000만원 이하 경우는 제외)마. 기명피보험자 및 배우자의 합산 소득이 연 4,000만원 이하③ 기명피보험자 또는 기명피보험자의 동거가족이 장애인복지법에 따른  장애인등록증 상 장애 정도가 ‘중증’인 경우 (2019. 6. 30. 이전 발급된 장애인등록증의 경우는 1-3급 장애인)로서 다음의 조건을 모두 충족하는 경우가. 피보험자동차가 비사업용으로 배기량이 2,000cc 이하 승용자동차 이거나 1.5톤 이하의 화물자동차 (단, 기명피보험자가 소유한 자동차는 1대)나. 피보험자동차가 최초등록일로부터 5년 이상 경과다. 기명피보험자 및 배우자의 합산소득이 연 4,000만원 이하④ 기명피보험자 및 배우자의 합산 소득이 연 4,000만원 이하이면서, 피보험자동차가 장애인 운송용 휠체어 리프트나 슬로프가 설치되어 출고되거나 구조변경된 차량인 경우",TM,대인1/대인2/대물/자손/무보험/자차,4.5
서민(나눔)우대할인,현대해상화재보험,나눔 특별약관,"▶① 기명피보험자가 국민기초생활보장법 제2조에 의거한 기초생활수급자인 경우② 기명피보험자 또는 기명피보험자의 동거가족이 장애인복지법에 따른  장애인등록증 상 장애 정도가 ‘중증’인 경우 (2019. 6. 30. 이전 발급된 장애인등록증의 경우는 1-3급 장애인)가 아닐 경우 다음의 조건을 모두 충족하는 경우가. 기명피보험자의 나이가 가입시점 만 30세 이상나. 피보험자동차가 비사업용으로 배기량이 1,600cc 이하 승용자동차 이거나 1.5톤 이하의 화물자동차 (단, 기명피보험자가 소유한 자동차는 1대)다. 피보험자동차가 최초등록일로부터 5년 이상 경과라. 기명피보험자에게 만20세 미만의 부양자녀가 있을 것 (단, 기명보험자의 나이가 가입시점 만 65세 이상이고 기명피보험자 및 배우자의 합산 소득이 연 2,000만원 이하 경우는 제외)마. 기명피보험자 및 배우자의 합산 소득이 연 4,000만원 이하③ 기명피보험자 또는 기명피보험자의 동거가족이 장애인복지법에 따른  장애인등록증 상 장애 정도가 ‘중증’인 경우 (2019. 6. 30. 이전 발급된 장애인등록증의 경우는 1-3급 장애인)로서 다음의 조건을 모두 충족하는 경우가. 피보험자동차가 비사업용으로 배기량이 2,000cc 이하 승용자동차 이거나 1.5톤 이하의 화물자동차 (단, 기명피보험자가 소유한 자동차는 1대)나. 피보험자동차가 최초등록일로부터 5년 이상 경과다. 기명피보험자 및 배우자의 합산소득이 연 4,000만원 이하④ 기명피보험자 및 배우자의 합산 소득이 연 4,000만원 이하이면서, 피보험자동차가 장애인 운송용 휠체어 리프트나 슬로프가 설치되어 출고되거나 구조변경된 차량인 경우",CM/플랫폼,대인1/대인2/대물/자손/무보험/자차,2.8
서민(나눔)우대할인,현대해상화재보험,나눔 특별약관,"▶① 기명피보험자가 국민기초생활보장법 제2조에 의거한 기초생활수급자인 경우② 기명피보험자 또는 기명피보험자의 동거가족이 장애인복지법에 따른  장애인등록증 상 장애 정도가 ‘중증’인 경우 (2019. 6. 30. 이전 발급된 장애인등록증의 경우는 1-3급 장애인)가 아닐 경우 다음의 조건을 모두 충족하는 경우가. 기명피보험자의 나이가 가입시점 만 30세 이상나. 피보험자동차가 비사업용으로 배기량이 1,600cc 이하 승용자동차 이거나 1.5톤 이하의 화물자동차 (단, 기명피보험자가 소유한 자동차는 1대)다. 피보험자동차가 최초등록일로부터 5년 이상 경과라. 기명피보험자에게 만20세 미만의 부양자녀가 있을 것 (단, 기명보험자의 나이가 가입시점 만 65세 이상이고 기명피보험자 및 배우자의 합산 소득이 연 2,000만원 이하 경우는 제외)마. 기명피보험자 및 배우자의 합산 소득이 연 4,000만원 이하③ 기명피보험자 또는 기명피보험자의 동거가족이 장애인복지법에 따른  장애인등록증 상 장애 정도가 ‘중증’인 경우 (2019. 6. 30. 이전 발급된 장애인등록증의 경우는 1-3급 장애인)로서 다음의 조건을 모두 충족하는 경우가. 피보험자동차가 비사업용으로 배기량이 2,000cc 이하 승용자동차 이거나 1.5톤 이하의 화물자동차 (단, 기명피보험자가 소유한 자동차는 1대)나. 피보험자동차가 최초등록일로부터 5년 이상 경과다. 기명피보험자 및 배우자의 합산소득이 연 4,000만원 이하④ 기명피보험자 및 배우자의 합산 소득이 연 4,000만원 이하이면서, 피보험자동차가 장애인 운송용 휠체어 리프트나 슬로프가 설치되어 출고되거나 구조변경된 차량인 경우",CM/플랫폼,대인1/대인2/대물/자손/무보험/자차,2.8
서민(나눔)우대할인,현대해상화재보험,나눔 특별약관,"▶① 기명피보험자가 국민기초생활보장법 제2조에 의거한 기초생활수급자인 경우② 기명피보험자 또는 기명피보험자의 동거가족이 장애인복지법에 따른  장애인등록증 상 장애 정도가 ‘중증’인 경우 (2019. 6. 30. 이전 발급된 장애인등록증의 경우는 1-3급 장애인)가 아닐 경우 다음의 조건을 모두 충족하는 경우가. 기명피보험자의 나이가 가입시점 만 30세 이상나. 피보험자동차가 비사업용으로 배기량이 1,600cc 이하 승용자동차 이거나 1.5톤 이하의 화물자동차 (단, 기명피보험자가 소유한 자동차는 1대)다. 피보험자동차가 최초등록일로부터 5년 이상 경과라. 기명피보험자에게 만20세 미만의 부양자녀가 있을 것 (단, 기명보험자의 나이가 가입시점 만 65세 이상이고 기명피보험자 및 배우자의 합산 소득이 연 2,000만원 이하 경우는 제외)마. 기명피보험자 및 배우자의 합산 소득이 연 4,000만원 이하③ 기명피보험자 또는 기명피보험자의 동거가족이 장애인복지법에 따른  장애인등록증 상 장애 정도가 ‘중증’인 경우 (2019. 6. 30. 이전 발급된 장애인등록증의 경우는 1-3급 장애인)로서 다음의 조건을 모두 충족하는 경우가. 피보험자동차가 비사업용으로 배기량이 2,000cc 이하 승용자동차 이거나 1.5톤 이하의 화물자동차 (단, 기명피보험자가 소유한 자동차는 1대)나. 피보험자동차가 최초등록일로부터 5년 이상 경과다. 기명피보험자 및 배우자의 합산소득이 연 4,000만원 이하④ 기명피보험자 및 배우자의 합산 소득이 연 4,000만원 이하이면서, 피보험자동차가 장애인 운송용 휠체어 리프트나 슬로프가 설치되어 출고되거나 구조변경된 차량인 경우",CM/플랫폼,대인1/대인2/대물/자손/무보험/자차,2.8
서민(나눔)우대할인,KB손해보험,희망나눔자동차 특별약관,"▶① 기명피보험자가 국민기초생활보장법 제2조에 의거한 기초생활수급자인 경우② 기명피보험자 또는 기명피보험자의 동거가족이 장애인복지법에 따른  장애인등록증 상 장애 정도가 ‘중증’인 경우 (2019. 6. 30. 이전 발급된 장애인등록증의 경우는 1-3급 장애인)가 아닐 경우 다음의 조건을 모두 충족하는 경우가. 기명피보험자의 나이가 가입시점 만 30세 이상나. 피보험자동차가 비사업용으로 배기량이 1,600cc 이하 승용자동차 이거나 1.5톤 이하의 화물자동차 (단, 기명피보험자가 소유한 자동차는 1대)다. 피보험자동차가 최초등록일로부터 5년 이상 경과라. 기명피보험자에게 만20세 미만의 부양자녀가 있을 것 (단, 기명보험자의 나이가 가입시점 만 65세 이상이고 기명피보험자 및 배우자의 합산 소득이 연 2,000만원 이하 경우는 제외)마. 기명피보험자 및 배우자의 합산 소득이 연 4,000만원 이하③ 기명피보험자 또는 기명피보험자의 동거가족이 장애인복지법에 따른  장애인등록증 상 장애 정도가 ‘중증’인 경우 (2019. 6. 30. 이전 발급된 장애인등록증의 경우는 1-3급 장애인)로서 다음의 조건을 모두 충족하는 경우가. 피보험자동차가 비사업용으로 배기량이 2,000cc 이하 승용자동차 이거나 1.5톤 이하의 화물자동차 (단, 기명피보험자가 소유한 자동차는 1대)나. 피보험자동차가 최초등록일로부터 5년 이상 경과다. 기명피보험자 및 배우자의 합산소득이 연 4,000만원 이하④ 기명피보험자 및 배우자의 합산 소득이 연 4,000만원 이하이면서, 피보험자동차가 장애인 운송용 휠체어 리프트나 슬로프가 설치되어 출고되거나 구조변경된 차량인 경우",대면,대인1/대인2/대물/자손/무보험/자차,8.0
서민(나눔)우대할인,KB손해보험,희망나누기 특별약관,"▶① 기명피보험자가 국민기초생활보장법 제2조에 의거한 기초생활수급자인 경우② 기명피보험자 또는 기명피보험자의 동거가족이 장애인복지법에 따른  장애인등록증 상 장애 정도가 ‘중증’인 경우 (2019. 6. 30. 이전 발급된 장애인등록증의 경우는 1-3급 장애인)가 아닐 경우 다음의 조건을 모두 충족하는 경우가. 기명피보험자의 나이가 가입시점 만 30세 이상나. 피보험자동차가 비사업용으로 배기량이 1,600cc 이하 승용자동차 이거나 1.5톤 이하의 화물자동차 (단, 기명피보험자가 소유한 자동차는 1대)다. 피보험자동차가 최초등록일로부터 5년 이상 경과라. 기명피보험자에게 만20세 미만의 부양자녀가 있을 것 (단, 기명보험자의 나이가 가입시점 만 65세 이상이고 기명피보험자 및 배우자의 합산 소득이 연 2,000만원 이하 경우는 제외)마. 기명피보험자 및 배우자의 합산 소득이 연 4,000만원 이하③ 기명피보험자 또는 기명피보험자의 동거가족이 장애인복지법에 따른  장애인등록증 상 장애 정도가 ‘중증’인 경우 (2019. 6. 30. 이전 발급된 장애인등록증의 경우는 1-3급 장애인)로서 다음의 조건을 모두 충족하는 경우가. 피보험자동차가 비사업용으로 배기량이 2,000cc 이하 승용자동차 이거나 1.5톤 이하의 화물자동차 (단, 기명피보험자가 소유한 자동차는 1대)나. 피보험자동차가 최초등록일로부터 5년 이상 경과다. 기명피보험자 및 배우자의 합산소득이 연 4,000만원 이하④ 기명피보험자 및 배우자의 합산 소득이 연 4,000만원 이하이면서, 피보험자동차가 장애인 운송용 휠체어 리프트나 슬로프가 설치되어 출고되거나 구조변경된 차량인 경우",CM/PM,대인1/대인2/대물/자손/무보험/자차,1.0
서민(나눔)우대할인,DB손해보험,프로미하트(서민우대 보험료 할인) 특별약관,"▶① 기명피보험자가 국민기초생활보장법 제2조에 의거한 기초생활수급자인 경우② 기명피보험자 또는 기명피보험자의 동거가족이 장애인복지법에 따른  장애인등록증 상 장애 정도가 ‘중증’인 경우 (2019. 6. 30. 이전 발급된 장애인등록증의 경우는 1-3급 장애인)가 아닐 경우 다음의 조건을 모두 충족하는 경우가. 기명피보험자의 나이가 가입시점 만 30세 이상나. 피보험자동차가 비사업용으로 배기량이 1,600cc 이하 승용자동차 이거나 1.5톤 이하의 화물자동차 (단, 기명피보험자가 소유한 자동차는 1대)다. 피보험자동차가 최초등록일로부터 5년 이상 경과라. 기명피보험자에게 만20세 미만의 부양자녀가 있을 것 (단, 기명보험자의 나이가 가입시점 만 65세 이상이고 기명피보험자 및 배우자의 합산 소득이 연 2,000만원 이하 경우는 제외)마. 기명피보험자 및 배우자의 합산 소득이 연 4,000만원 이하③ 기명피보험자 또는 기명피보험자의 동거가족이 장애인복지법에 따른  장애인등록증 상 장애 정도가 ‘중증’인 경우 (2019. 6. 30. 이전 발급된 장애인등록증의 경우는 1-3급 장애인)로서 다음의 조건을 모두 충족하는 경우가. 피보험자동차가 비사업용으로 배기량이 2,000cc 이하 승용자동차 이거나 1.5톤 이하의 화물자동차 (단, 기명피보험자가 소유한 자동차는 1대)나. 피보험자동차가 최초등록일로부터 5년 이상 경과다. 기명피보험자 및 배우자의 합산소득이 연 4,000만원 이하④ 기명피보험자 및 배우자의 합산 소득이 연 4,000만원 이하이면서, 피보험자동차가 장애인 운송용 휠체어 리프트나 슬로프가 설치되어 출고되거나 구조변경된 차량인 경우",대면,"대인1/대인2/대물/
자손/무보험/자차",8.0
서민(나눔)우대할인,DB손해보험,프로미하트나눔(서민우대 보험료 할인) 특별약관,"▶① 기명피보험자가 국민기초생활보장법 제2조에 의거한 기초생활수급자인 경우② 기명피보험자 또는 기명피보험자의 동거가족이 장애인복지법에 따른  장애인등록증 상 장애 정도가 ‘중증’인 경우 (2019. 6. 30. 이전 발급된 장애인등록증의 경우는 1-3급 장애인)가 아닐 경우 다음의 조건을 모두 충족하는 경우가. 기명피보험자의 나이가 가입시점 만 30세 이상나. 피보험자동차가 비사업용으로 배기량이 1,600cc 이하 승용자동차 이거나 1.5톤 이하의 화물자동차 (단, 기명피보험자가 소유한 자동차는 1대)다. 피보험자동차가 최초등록일로부터 5년 이상 경과라. 기명피보험자에게 만20세 미만의 부양자녀가 있을 것 (단, 기명보험자의 나이가 가입시점 만 65세 이상이고 기명피보험자 및 배우자의 합산 소득이 연 2,000만원 이하 경우는 제외)마. 기명피보험자 및 배우자의 합산 소득이 연 4,000만원 이하③ 기명피보험자 또는 기명피보험자의 동거가족이 장애인복지법에 따른  장애인등록증 상 장애 정도가 ‘중증’인 경우 (2019. 6. 30. 이전 발급된 장애인등록증의 경우는 1-3급 장애인)로서 다음의 조건을 모두 충족하는 경우가. 피보험자동차가 비사업용으로 배기량이 2,000cc 이하 승용자동차 이거나 1.5톤 이하의 화물자동차 (단, 기명피보험자가 소유한 자동차는 1대)나. 피보험자동차가 최초등록일로부터 5년 이상 경과다. 기명피보험자 및 배우자의 합산소득이 연 4,000만원 이하④ 기명피보험자 및 배우자의 합산 소득이 연 4,000만원 이하이면서, 피보험자동차가 장애인 운송용 휠체어 리프트나 슬로프가 설치되어 출고되거나 구조변경된 차량인 경우",TM/CM/플랫폼,"대인2/대물/
자손/무보험/자차",5.4
서민(나눔)우대할인,DB손해보험,프로미하트나눔(서민우대 보험료 할인) 특별약관,"▶① 기명피보험자가 국민기초생활보장법 제2조에 의거한 기초생활수급자인 경우② 기명피보험자 또는 기명피보험자의 동거가족이 장애인복지법에 따른  장애인등록증 상 장애 정도가 ‘중증’인 경우 (2019. 6. 30. 이전 발급된 장애인등록증의 경우는 1-3급 장애인)가 아닐 경우 다음의 조건을 모두 충족하는 경우가. 기명피보험자의 나이가 가입시점 만 30세 이상나. 피보험자동차가 비사업용으로 배기량이 1,600cc 이하 승용자동차 이거나 1.5톤 이하의 화물자동차 (단, 기명피보험자가 소유한 자동차는 1대)다. 피보험자동차가 최초등록일로부터 5년 이상 경과라. 기명피보험자에게 만20세 미만의 부양자녀가 있을 것 (단, 기명보험자의 나이가 가입시점 만 65세 이상이고 기명피보험자 및 배우자의 합산 소득이 연 2,000만원 이하 경우는 제외)마. 기명피보험자 및 배우자의 합산 소득이 연 4,000만원 이하③ 기명피보험자 또는 기명피보험자의 동거가족이 장애인복지법에 따른  장애인등록증 상 장애 정도가 ‘중증’인 경우 (2019. 6. 30. 이전 발급된 장애인등록증의 경우는 1-3급 장애인)로서 다음의 조건을 모두 충족하는 경우가. 피보험자동차가 비사업용으로 배기량이 2,000cc 이하 승용자동차 이거나 1.5톤 이하의 화물자동차 (단, 기명피보험자가 소유한 자동차는 1대)나. 피보험자동차가 최초등록일로부터 5년 이상 경과다. 기명피보험자 및 배우자의 합산소득이 연 4,000만원 이하④ 기명피보험자 및 배우자의 합산 소득이 연 4,000만원 이하이면서, 피보험자동차가 장애인 운송용 휠체어 리프트나 슬로프가 설치되어 출고되거나 구조변경된 차량인 경우",TM/CM/플랫폼,대인1,3.4
서민(나눔)우대할인,AXA손해보험,나눔(서민우대) 특별약관,"▶① 기명피보험자가 국민기초생활보장법 제2조에 의거한 기초생활수급자인 경우② 기명피보험자 또는 기명피보험자의 동거가족이 장애인복지법에 따른  장애인등록증 상 장애 정도가 ‘중증’인 경우 (2019. 6. 30. 이전 발급된 장애인등록증의 경우는 1-3급 장애인)가 아닐 경우 다음의 조건을 모두 충족하는 경우가. 기명피보험자의 나이가 가입시점 만 30세 이상나. 피보험자동차가 비사업용으로 배기량이 1,600cc 이하 승용자동차 이거나 1.5톤 이하의 화물자동차 (단, 기명피보험자가 소유한 자동차는 1대)다. 피보험자동차가 최초등록일로부터 5년 이상 경과라. 기명피보험자에게 만20세 미만의 부양자녀가 있을 것 (단, 기명보험자의 나이가 가입시점 만 65세 이상이고 기명피보험자 및 배우자의 합산 소득이 연 2,000만원 이하 경우는 제외)마. 기명피보험자 및 배우자의 합산 소득이 연 4,000만원 이하③ 기명피보험자 또는 기명피보험자의 동거가족이 장애인복지법에 따른  장애인등록증 상 장애 정도가 ‘중증’인 경우 (2019. 6. 30. 이전 발급된 장애인등록증의 경우는 1-3급 장애인)로서 다음의 조건을 모두 충족하는 경우가. 피보험자동차가 비사업용으로 배기량이 2,000cc 이하 승용자동차 이거나 1.5톤 이하의 화물자동차 (단, 기명피보험자가 소유한 자동차는 1대)나. 피보험자동차가 최초등록일로부터 5년 이상 경과다. 기명피보험자 및 배우자의 합산소득이 연 4,000만원 이하④ 기명피보험자 및 배우자의 합산 소득이 연 4,000만원 이하이면서, 피보험자동차가 장애인 운송용 휠체어 리프트나 슬로프가 설치되어 출고되거나 구조변경된 차량인 경우","TM, CM","대인1, 대인2, 대물, 자손, 무보험차상해, 자차",3.6
서민(나눔)우대할인,하나손해보험,나눔 특별약관,"▶ ① 기명피보험자가 국민기초생활보장법에 의거한 기초생활수급자인 경우② 기명피보험자가 다음의 조건을 모두 충족하는 경우가. 기명피보험자의 나이가 만30세 이상나. 피보험자동차가 비사업용으로서 배기량이 1,600cc이하 승용차이거나 1.5톤 이하 화물자동차(단, 기명피보험자가 소유한 자동차는 1대)다. 피보험자동차가 최초 등록일로부터 5년 이상 경과라. 기명피보험자에게 만20세 미만의 부양자녀가 있을 것(단, 기명피보험자의 나이가 만65세 이상이고 기명피보험자 및 배우자의 합산소득이 연2,000만원 이하인 경우에는 제외)마. 기명피보험자 및 배우자의 합산소득이 연4,000만원 이하③ 기명피보험자 또는 기명피보험자의 동거가족이 장애인복지법에 따른 장애인등록증상 장애 정도가 '중증'인 경우로 다음의 조건을 모두 충족하는 경우가. 피보험자동차가 비사업용으로서 배기량이 2,000cc 이하 승용차이거나 1.5톤 이하의 화물자동차(단, 기명피보험자가 소유한 자동차는 반드시 1대)나. 피보험자동차가 최초 등록일로부터 5년 이상 경과다. 기명피보험자 및 배우자의 합산 소득이 연4,000만원 이하4. 기명피보험자 및 배우자의 합산 소득이 연4,000만원 이하로서 피보험자동차가 장애인 운송용 휠체어리프트나 슬로프가 설치되어 출고되거나 구조변경된 차량인 경우(단, 기명피보험자가 소유한 자동차는 반드시 1대)",대면/TM/CM/PM,"대인1, 대인2, 대물, 자손, 무보험차상해, 자차",3.5
